Date,HomeTeam,AwayTeam,FTHG,FTAG,FTR,AvgH,AvgD,AvgA,Avg>2.5,Avg<2.5,HomeTeamElo,AwayTeamElo,EloDifference,Home_AvgGoalsScored,Home_AvgGoalsConceded,Home_Wins,Home_Draws,Home_Losses,Away_AvgGoalsScored,Away_AvgGoalsConceded,Away_Wins,Away_Draws,Away_Losses,HTH_HomeWins,HTH_AwayWins,HTH_Draws,HTH_AvgHomeGoals,HTH_AvgAwayGoals,Unnamed: 11
2023-08-11 00:00:00,Nice,Lille,1,1,D,2.57,3.42,2.76,1.88,1.94,1500.0,1500.0,0.0,0.0,0.0,0,0,0,0.0,0.0,0,0,0,0,0,0,0.0,0.0,
2023-08-12 00:00:00,Paris SG,Lorient,0,0,D,1.33,5.56,8.53,1.5,2.6,1500.0,1500.0,0.0,0.0,0.0,0,0,0,0.0,0.0,0,0,0,0,0,0,0.0,0.0,
2023-08-12 00:00:00,Marseille,Reims,2,1,H,1.7,3.98,4.82,1.78,2.05,1500.0,1500.0,0.0,0.0,0.0,0,0,0,0.0,0.0,0,0,0,0,0,0,0.0,0.0,
2023-08-13 00:00:00,Strasbourg,Lyon,2,1,H,2.57,3.62,2.61,1.71,2.15,1500.0,1500.0,0.0,0.0,0.0,0,0,0,0.0,0.0,0,0,0,0,0,0,0.0,0.0,
2023-08-13 00:00:00,Rennes,Metz,5,1,H,1.41,4.75,7.59,1.75,2.1,1500.0,1500.0,0.0,0.0,0.0,0,0,0,0.0,0.0,0,0,0,0,0,0,0.0,0.0,
2023-08-13 00:00:00,Nantes,Toulouse,1,2,A,2.57,3.38,2.74,1.98,1.85,1500.0,1500.0,0.0,0.0,0.0,0,0,0,0.0,0.0,0,0,0,0,0,0,0.0,0.0,
2023-08-13 00:00:00,Montpellier,Le Havre,2,2,D,1.95,3.49,4.02,2.1,1.74,1500.0,1500.0,0.0,0.0,0.0,0,0,0,0.0,0.0,0,0,0,0,0,0,0.0,0.0,
2023-08-13 00:00:00,Clermont,Monaco,2,4,A,3.48,3.7,2.04,1.72,2.13,1500.0,1500.0,0.0,0.0,0.0,0,0,0,0.0,0.0,0,0,0,0,0,0,0.0,0.0,
2023-08-13 00:00:00,Brest,Lens,3,2,H,3.88,3.53,1.96,2.01,1.82,1500.0,1500.0,0.0,0.0,0.0,0,0,0,0.0,0.0,0,0,0,0,0,0,0.0,0.0,
2023-08-18 00:00:00,Metz,Marseille,2,2,D,4.76,4.01,1.71,1.69,2.2,1485.0,1515.0,-30.0,1.0,5.0,0,0,1,2.0,1.0,1,0,0,0,0,0,0.0,0.0,
2023-08-19 00:00:00,Toulouse,Paris SG,1,1,D,4.87,4.2,1.67,1.58,2.37,1515.0,1500.0,15.0,2.0,1.0,1,0,0,0.0,0.0,0,1,0,0,0,0,0.0,0.0,
2023-08-19 00:00:00,Lyon,Montpellier,1,4,A,1.71,4.16,4.53,1.58,2.38,1485.0,1500.0,-15.0,1.0,2.0,0,0,1,2.0,2.0,0,1,0,0,0,0,0.0,0.0,
2023-08-20 00:00:00,Reims,Clermont,2,0,H,1.89,3.71,4.04,1.8,2.02,1485.0,1485.0,0.0,1.0,2.0,0,0,1,2.0,4.0,0,0,1,0,0,0,0.0,0.0,
2023-08-20 00:00:00,Lens,Rennes,1,1,D,2.42,3.63,2.78,1.71,2.15,1485.0,1515.0,-30.0,2.0,3.0,0,0,1,5.0,1.0,1,0,0,0,0,0,0.0,0.0,
2023-08-20 00:00:00,Monaco,Strasbourg,3,0,H,1.81,3.96,4.13,1.67,2.22,1515.0,1515.0,0.0,4.0,2.0,1,0,0,2.0,1.0,1,0,0,0,0,0,0.0,0.0,
2023-08-20 00:00:00,Lorient,Nice,1,1,D,3.35,3.46,2.18,1.95,1.87,1500.0,1500.0,0.0,0.0,0.0,0,1,0,1.0,1.0,0,1,0,0,0,0,0.0,0.0,
2023-08-20 00:00:00,Le Havre,Brest,1,2,A,2.72,3.2,2.74,2.22,1.67,1500.0,1515.0,-15.0,2.0,2.0,0,1,0,3.0,2.0,1,0,0,0,0,0,0.0,0.0,
2023-08-20 00:00:00,Lille,Nantes,2,0,H,1.42,4.81,7.45,1.69,2.18,1500.0,1485.0,15.0,1.0,1.0,0,1,0,1.0,2.0,0,0,1,0,0,0,0.0,0.0,
2023-08-25 00:00:00,Nantes,Monaco,3,3,D,4.59,3.82,1.77,1.76,2.11,1470.65,1530.0,-59.35,0.5,2.0,0,0,2,3.5,1.0,2,0,0,0,0,0,0.0,0.0,
2023-08-26 00:00:00,Paris SG,Lens,3,1,H,1.61,4.27,5.32,1.66,2.23,1500.65,1486.29,14.36,0.5,0.5,0,2,0,1.5,2.0,0,1,1,0,0,0,0.0,0.0,
2023-08-26 00:00:00,Marseille,Brest,2,0,H,1.52,4.41,6.2,1.72,2.15,1513.71,1529.35,-15.64,2.0,1.5,1,1,0,2.5,1.5,2,0,0,0,0,0,0.0,0.0,
2023-08-27 00:00:00,Rennes,Le Havre,2,2,D,1.43,4.63,7.49,1.81,2.02,1513.71,1485.65,28.06,3.0,1.0,1,1,0,1.5,2.0,0,1,1,0,0,0,0.0,0.0,
2023-08-27 00:00:00,Clermont,Metz,0,1,A,1.89,3.74,3.96,1.82,2.02,1470.0,1486.29,-16.29,1.0,3.0,0,0,2,1.5,3.5,0,1,1,0,0,0,0.0,0.0,
2023-08-27 00:00:00,Montpellier,Reims,1,3,A,2.38,3.51,2.91,1.73,2.14,1514.35,1500.0,14.35,3.0,1.5,1,1,0,1.5,1.0,1,0,1,0,0,0,0.0,0.0,
2023-08-27 00:00:00,Strasbourg,Toulouse,2,0,H,2.13,3.65,3.28,1.79,2.05,1500.0,1514.35,-14.35,1.0,2.0,1,0,1,1.5,1.0,1,1,0,0,0,0,0.0,0.0,
2023-08-27 00:00:00,Lorient,Lille,4,1,H,3.77,3.69,1.95,1.83,2.01,1500.0,1514.35,-14.35,0.5,0.5,0,2,0,1.5,0.5,1,1,0,0,0,0,0.0,0.0,
2023-08-27 00:00:00,Nice,Lyon,0,0,D,2.11,3.7,3.29,1.65,2.27,1500.0,1470.65,29.35,1.0,1.0,0,2,0,1.0,3.0,0,0,2,0,0,0,0.0,0.0,
2023-09-01 00:00:00,Nantes,Marseille,1,1,D,4.76,3.94,1.72,1.74,2.13,1473.19,1529.38,-56.2,1.33,2.33,0,1,2,2.0,1.0,2,1,0,0,0,0,0.0,0.0,
2023-09-02 00:00:00,Brest,Rennes,0,0,D,3.32,3.64,2.13,1.74,2.11,1513.68,1512.5,1.18,1.67,1.67,2,0,1,2.67,1.33,1,2,0,0,0,0,0.0,0.0,
2023-09-02 00:00:00,Monaco,Lens,3,0,H,2.09,3.84,3.25,1.59,2.38,1527.46,1471.91,55.55,3.33,1.67,2,1,0,1.33,2.33,0,1,2,0,0,0,0.0,0.0,
2023-09-03 00:00:00,Le Havre,Lorient,3,0,H,2.78,3.15,2.7,2.24,1.66,1486.86,1515.62,-28.76,1.67,2.0,0,2,1,1.67,0.67,1,2,0,0,0,0,0.0,0.0,
2023-09-03 00:00:00,Lille,Montpellier,1,0,H,1.78,4.11,4.1,1.6,2.36,1498.73,1498.73,0.0,1.33,1.67,1,1,1,2.33,2.0,1,1,1,0,0,0,0.0,0.0,
2023-09-03 00:00:00,Metz,Reims,2,2,D,3.95,3.67,1.91,1.85,1.98,1500.59,1515.62,-15.03,1.33,2.33,1,1,1,2.0,1.0,2,0,1,0,0,0,0.0,0.0,
2023-09-03 00:00:00,Nice,Strasbourg,2,0,H,1.95,3.56,3.91,1.93,1.89,1498.74,1515.62,-16.88,0.67,0.67,0,3,0,1.33,1.33,2,0,1,0,0,0,0.0,0.0,
2023-09-03 00:00:00,Lyon,Paris SG,1,4,A,5.78,4.85,1.5,1.42,2.85,1471.91,1515.03,-43.12,0.67,2.0,0,1,2,1.33,0.67,1,2,0,0,0,0,0.0,0.0,
2023-09-03 00:00:00,Toulouse,Clermont,2,2,D,1.99,3.65,3.69,1.86,1.97,1498.73,1455.7,43.03,1.0,1.33,1,1,1,0.67,2.33,0,0,3,0,0,0,0.0,0.0,
2023-09-15 00:00:00,Paris SG,Nice,2,3,A,1.54,4.49,5.81,1.6,2.35,1528.18,1514.46,13.71,2.0,0.75,2,2,0,1.0,0.5,1,3,0,0,0,0,0.0,0.0,
2023-09-16 00:00:00,Lens,Metz,0,1,A,1.5,4.51,6.29,1.67,2.23,1459.29,1501.24,-41.95,1.0,2.5,0,1,3,1.5,2.25,1,2,1,0,0,0,0.0,0.0,
2023-09-16 00:00:00,Rennes,Lille,2,2,D,2.13,3.66,3.3,1.74,2.12,1512.55,1513.73,-1.18,2.0,1.0,1,3,0,1.25,1.25,2,1,1,0,0,0,0.0,0.0,
2023-09-17 00:00:00,Marseille,Toulouse,0,0,D,1.48,4.72,6.24,1.55,2.46,1526.98,1496.89,30.09,1.75,1.0,2,2,0,1.25,1.5,1,2,1,0,0,0,0.0,0.0,
2023-09-17 00:00:00,Reims,Brest,1,2,A,1.88,3.67,4.12,1.82,2.02,1514.97,1513.63,1.34,2.0,1.25,2,1,1,1.25,1.25,2,1,1,0,0,0,0.0,0.0,
2023-09-17 00:00:00,Clermont,Nantes,0,1,A,2.0,3.54,3.75,1.99,1.84,1457.55,1475.59,-18.04,1.0,2.25,0,1,3,1.25,2.0,0,2,2,0,0,0,0.0,0.0,
2023-09-17 00:00:00,Lorient,Monaco,2,2,D,3.94,3.87,1.87,1.63,2.29,1499.38,1540.08,-40.7,1.25,1.25,1,2,1,3.25,1.25,3,1,0,0,0,0,0.0,0.0,
2023-09-17 00:00:00,Lyon,Le Havre,0,0,D,1.69,4.12,4.68,1.68,2.21,1458.76,1503.1,-44.33,0.75,2.5,0,1,3,2.0,1.5,1,2,1,0,0,0,0.0,0.0,
2023-09-17 00:00:00,Strasbourg,Montpellier,2,2,D,2.33,3.54,2.96,1.82,2.01,1499.89,1483.73,16.16,1.0,1.5,2,0,2,1.75,1.75,1,1,2,0,0,0,0.0,0.0,
2023-09-22 00:00:00,Monaco,Nice,0,1,A,2.19,3.56,3.22,1.72,2.14,1538.33,1530.06,8.28,3.0,1.4,3,2,0,1.4,0.8,2,3,0,0,0,0,0.0,0.0,
2023-09-23 00:00:00,Nantes,Lorient,5,3,H,2.41,3.39,2.94,1.95,1.88,1489.81,1501.13,-11.32,1.2,1.6,1,2,2,1.4,1.4,1,3,1,0,0,0,0.0,0.0,
2023-09-23 00:00:00,Brest,Lyon,1,0,H,2.53,3.61,2.65,1.66,2.25,1528.68,1460.67,68.02,1.4,1.2,3,1,1,0.6,2.0,0,2,3,0,0,0,0.0,0.0,
2023-09-24 00:00:00,Metz,Strasbourg,0,1,A,2.91,3.24,2.51,2.14,1.73,1514.44,1499.19,15.24,1.4,1.8,2,2,1,1.2,1.6,2,1,2,0,0,0,0.0,0.0,
2023-09-24 00:00:00,Le Havre,Clermont,2,1,H,2.43,3.27,3.0,2.13,1.73,1501.19,1443.33,57.86,1.6,1.2,1,3,1,0.8,2.0,0,1,4,0,0,0,0.0,0.0,
2023-09-24 00:00:00,Lens,Toulouse,2,1,H,1.7,3.97,4.75,1.75,2.1,1446.09,1498.18,-52.09,0.8,2.2,0,1,4,1.0,1.2,1,3,1,0,0,0,0.0,0.0,
2023-09-24 00:00:00,Montpellier,Rennes,0,0,D,2.65,3.53,2.56,1.74,2.12,1484.43,1512.6,-28.17,1.8,1.8,1,2,2,2.0,1.2,1,4,0,0,0,0,0.0,0.0,
2023-09-24 00:00:00,Paris SG,Marseille,4,0,H,1.63,4.34,4.9,1.53,2.51,1512.58,1525.68,-13.1,2.0,1.2,2,2,1,1.4,0.8,2,3,0,0,0,0,0.0,0.0,
2023-09-26 00:00:00,Lille,Reims,1,2,A,1.94,3.7,3.85,1.83,2.01,1513.68,1499.91,13.77,1.4,1.4,2,2,1,1.8,1.4,2,1,2,0,0,0,0.0,0.0,
2023-09-29 00:00:00,Strasbourg,Lens,0,1,A,3.55,3.46,2.12,2.01,1.83,1514.85,1463.32,51.53,1.0,1.4,2,1,2,0.8,1.8,1,1,3,0,0,0,0.0,0.0,
2023-09-30 00:00:00,Clermont,Paris SG,0,0,D,6.78,4.77,1.45,1.6,2.36,1430.8,1528.15,-97.34,0.6,1.6,0,1,4,2.8,1.2,3,1,1,0,0,0,0.0,0.0,
2023-09-30 00:00:00,Monaco,Marseille,3,2,H,2.2,3.82,3.06,1.55,2.47,1522.98,1510.12,12.86,2.2,1.2,2,2,1,1.0,1.4,1,3,1,0,0,0,0.0,0.0,
2023-10-01 00:00:00,Toulouse,Metz,3,0,H,2.14,3.47,3.47,1.96,1.86,1480.95,1498.78,-17.83,0.8,1.4,0,3,2,1.2,1.0,2,2,1,0,0,0,0.0,0.0,
2023-10-01 00:00:00,Rennes,Nantes,3,1,H,1.52,4.53,5.99,1.66,2.25,1511.39,1505.3,6.09,1.0,1.0,0,5,0,2.0,1.8,2,2,1,0,0,0,0.0,0.0,
2023-10-01 00:00:00,Le Havre,Lille,0,2,A,3.93,3.47,1.99,2.03,1.8,1513.72,1498.09,15.63,1.6,1.0,2,2,1,1.4,1.6,2,1,2,0,0,0,0.0,0.0,
2023-10-01 00:00:00,Nice,Brest,0,0,D,1.76,3.85,4.57,1.89,1.94,1545.41,1540.79,4.63,1.4,0.6,3,2,0,1.0,0.8,3,1,1,0,0,0,0.0,0.0,
2023-10-01 00:00:00,Lorient,Montpellier,0,3,A,2.92,3.54,2.38,1.78,2.04,1485.64,1485.64,-0.0,2.0,2.4,1,2,2,1.4,1.4,1,2,2,0,0,0,0.0,0.0,
2023-10-01 00:00:00,Reims,Lyon,2,0,H,2.05,3.8,3.38,1.65,2.26,1515.51,1448.57,66.94,2.0,1.2,3,1,1,0.4,1.8,0,2,3,0,0,0,0.0,0.0,
2023-10-06 00:00:00,Strasbourg,Nantes,1,2,A,2.24,3.23,3.48,2.22,1.67,1497.64,1490.56,7.08,1.0,1.0,2,1,2,2.2,2.0,2,2,1,0,0,0,0.0,0.0,
2023-10-07 00:00:00,Metz,Nice,0,1,A,4.88,3.81,1.73,1.94,1.89,1483.01,1545.21,-62.2,0.8,1.2,2,1,2,1.2,0.4,3,2,0,0,0,0,0.0,0.0,
2023-10-07 00:00:00,Reims,Monaco,1,3,A,2.64,3.66,2.55,1.59,2.37,1527.65,1537.42,-9.77,2.0,1.2,3,1,1,2.2,1.6,2,2,1,0,0,0,0.0,0.0,
2023-10-08 00:00:00,Lens,Lille,1,1,D,2.23,3.49,3.22,1.91,1.9,1480.53,1513.76,-33.23,0.8,1.6,2,0,3,1.4,1.6,2,1,2,0,0,0,0.0,0.0,
2023-10-08 00:00:00,Rennes,Paris SG,1,3,A,3.48,3.61,2.08,1.75,2.1,1526.12,1524.05,2.07,1.4,1.0,1,4,0,2.6,1.0,3,1,1,0,0,0,0.0,0.0,
2023-10-08 00:00:00,Brest,Toulouse,1,1,D,1.82,3.71,4.39,1.94,1.87,1540.99,1496.72,44.27,0.6,0.6,2,2,1,1.2,1.2,1,2,2,0,0,0,0.0,0.0,
2023-10-08 00:00:00,Marseille,Le Havre,3,0,H,1.49,4.53,6.48,1.73,2.13,1495.67,1498.04,-2.37,1.0,1.6,1,2,2,1.4,1.0,2,2,1,0,0,0,0.0,0.0,
2023-10-08 00:00:00,Lyon,Lorient,3,3,D,1.69,4.03,4.83,1.68,2.19,1436.42,1470.64,-34.22,0.2,1.4,0,2,3,1.8,2.8,1,1,3,0,0,0,0.0,0.0,
2023-10-20 00:00:00,Le Havre,Lens,0,0,D,4.53,3.52,1.85,2.11,1.74,1482.94,1481.96,0.98,1.0,1.2,2,1,2,0.8,1.2,2,1,2,0,0,0,0.0,0.0,
2023-10-21 00:00:00,Nice,Marseille,1,0,H,2.44,3.29,3.04,2.0,1.82,1557.56,1510.77,46.78,1.4,0.4,4,1,0,1.2,1.6,1,2,2,0,0,0,0.0,0.0,
2023-10-21 00:00:00,Paris SG,Strasbourg,3,0,H,1.23,6.61,12.0,1.44,2.77,1539.14,1482.34,56.81,2.6,1.0,3,1,1,0.8,1.4,1,1,3,0,0,0,0.0,0.0,
2023-10-22 00:00:00,Lorient,Rennes,2,1,H,3.95,3.74,1.89,1.79,2.04,1469.17,1511.04,-41.87,1.6,3.2,0,2,3,1.2,1.2,1,3,1,0,0,0,0.0,0.0,
2023-10-22 00:00:00,Nantes,Montpellier,2,0,H,2.9,3.54,2.38,1.76,2.08,1505.87,1500.64,5.23,2.0,1.6,3,1,1,1.2,1.2,1,2,2,0,0,0,0.0,0.0,
2023-10-22 00:00:00,Toulouse,Reims,1,1,D,2.91,3.48,2.42,1.83,2.0,1498.62,1513.07,-14.45,1.4,1.0,1,3,1,1.6,1.6,2,1,2,0,0,0,0.0,0.0,
2023-10-22 00:00:00,Monaco,Metz,2,1,H,1.34,5.6,8.19,1.44,2.78,1552.0,1470.67,81.33,2.2,1.2,3,1,1,0.6,1.4,1,1,3,0,0,0,0.0,0.0,
2023-10-22 00:00:00,Lyon,Clermont,1,2,A,1.79,3.95,4.32,1.73,2.13,1437.89,1434.9,2.99,0.8,2.0,0,2,3,0.6,1.2,0,2,3,0,0,0,0.0,0.0,
2023-10-22 00:00:00,Lille,Brest,1,0,H,1.8,3.66,4.65,1.95,1.87,1512.33,1539.08,-26.75,1.4,1.0,2,2,1,0.8,0.4,2,3,0,0,0,0,0.0,0.0,
2023-10-27 00:00:00,Clermont,Nice,0,1,A,4.31,3.4,1.93,2.25,1.66,1450.03,1570.55,-120.52,1.0,1.2,1,2,2,1.2,0.4,4,1,0,0,0,0,0.0,0.0,
2023-10-28 00:00:00,Lens,Nantes,4,0,H,1.58,4.26,5.7,1.76,2.08,1482.0,1520.64,-38.64,0.8,0.6,2,2,1,2.2,1.4,4,0,1,0,0,0,0.0,0.0,
2023-10-28 00:00:00,Reims,Lorient,1,0,H,1.66,4.16,5.01,1.71,2.16,1512.45,1485.97,26.48,1.4,1.4,2,1,2,2.0,2.8,1,2,2,0,0,0,0.0,0.0,
2023-10-29 00:00:00,Brest,Paris SG,2,3,A,5.85,4.49,1.53,1.63,2.29,1522.93,1551.71,-28.78,0.8,0.6,2,2,1,2.4,0.8,3,1,1,0,0,0,0.0,0.0,
2023-10-29 00:00:00,Montpellier,Toulouse,3,0,H,1.77,3.92,4.47,1.75,2.1,1485.87,1499.24,-13.37,1.0,1.0,1,2,2,1.2,0.8,1,3,1,0,0,0,0.0,0.0,
2023-10-29 00:00:00,Rennes,Strasbourg,1,1,D,1.6,4.11,5.69,1.87,1.96,1494.24,1469.77,24.47,1.4,1.6,1,2,2,0.8,1.6,1,1,3,0,0,0,0.0,0.0,
2023-10-29 00:00:00,Metz,Le Havre,0,0,D,2.55,3.25,2.91,2.18,1.69,1459.11,1482.9,-23.78,0.4,1.4,1,0,4,0.4,1.2,1,2,2,0,0,0,0.0,0.0,
2023-10-29 00:00:00,Lille,Monaco,2,0,H,2.28,3.8,2.93,1.57,2.41,1528.48,1563.55,-35.07,1.4,1.0,2,2,1,2.0,1.4,3,1,1,0,0,0,0.0,0.0,
2023-11-03 00:00:00,Paris SG,Montpellier,3,0,H,1.26,6.56,10.28,1.35,3.22,1565.47,1501.45,64.03,2.6,0.6,4,1,0,1.6,0.8,2,2,1,0,0,0,0.0,0.0,
2023-11-04 00:00:00,Lorient,Lens,0,0,D,4.81,3.89,1.73,1.85,1.98,1472.11,1498.67,-26.56,1.6,2.6,1,1,3,1.6,0.4,3,2,0,0,0,0,0.0,0.0,
2023-11-04 00:00:00,Marseille,Lille,0,0,D,2.23,3.54,3.22,1.86,1.97,1497.78,1544.99,-47.21,1.0,1.6,1,1,3,1.4,0.6,3,1,1,0,0,0,0.0,0.0,
2023-11-05 00:00:00,Lyon,Metz,1,1,D,1.67,4.01,5.02,1.73,2.13,1422.76,1460.14,-37.37,0.8,1.6,0,2,3,0.2,1.4,0,1,4,0,0,0,0.0,0.0,
2023-11-05 00:00:00,Nantes,Reims,0,1,A,2.92,3.24,2.53,2.11,1.74,1503.98,1526.31,-22.33,2.0,2.2,3,0,2,1.4,1.0,3,1,1,0,0,0,0.0,0.0,
2023-11-05 00:00:00,Strasbourg,Clermont,0,0,D,2.37,3.24,3.17,2.23,1.67,1470.82,1440.03,30.79,0.6,1.4,1,1,3,0.6,1.0,1,1,3,0,0,0,0.0,0.0,
2023-11-05 00:00:00,Toulouse,Le Havre,1,2,A,2.15,3.36,3.52,2.07,1.77,1483.67,1481.87,1.79,1.2,1.4,1,2,2,0.4,1.2,1,2,2,0,0,0,0.0,0.0,
2023-11-05 00:00:00,Monaco,Brest,2,0,H,1.73,4.08,4.49,1.64,2.28,1547.04,1509.17,37.87,1.6,1.4,3,0,2,0.8,1.0,1,2,2,0,0,0,0.0,0.0,
2023-11-05 00:00:00,Nice,Rennes,2,0,H,2.1,3.39,3.63,2.09,1.75,1580.54,1493.18,87.36,0.8,0.0,4,1,0,1.2,1.4,1,2,2,0,0,0,0.0,0.0,
2023-11-10 00:00:00,Montpellier,Nice,0,0,D,3.56,3.37,2.14,2.03,1.81,1489.18,1591.85,-102.67,1.2,1.0,2,1,2,1.0,0.0,4,1,0,0,0,0,0.0,0.0,
2023-11-11 00:00:00,Reims,Paris SG,0,3,A,5.21,4.35,1.6,1.59,2.36,1540.35,1577.74,-37.39,1.2,0.8,3,1,1,2.4,0.6,4,1,0,0,0,0,0.0,0.0,
2023-11-11 00:00:00,Le Havre,Monaco,0,0,D,4.45,3.93,1.77,1.75,2.09,1496.95,1560.41,-63.46,0.4,1.2,1,2,2,2.0,1.2,4,0,1,0,0,0,0.0,0.0,
2023-11-12 00:00:00,Lens,Marseille,1,0,H,2.26,3.48,3.16,1.84,1.99,1497.52,1499.81,-2.29,1.2,0.2,2,3,0,1.0,1.6,1,1,3,0,0,0,0.0,0.0,
2023-11-12 00:00:00,Rennes,Lyon,0,1,A,1.73,4.06,4.48,1.67,2.22,1481.88,1424.37,57.5,1.2,1.8,1,1,3,1.0,1.8,0,2,3,0,0,0,0.0,0.0,
2023-11-12 00:00:00,Metz,Nantes,3,1,H,2.93,3.31,2.49,1.99,1.83,1458.53,1489.94,-31.41,0.4,1.4,0,2,3,1.0,1.8,2,0,3,0,0,0,0.0,0.0,
2023-11-12 00:00:00,Clermont,Lorient,1,0,H,2.13,3.33,3.6,2.11,1.74,1441.36,1473.25,-31.89,0.6,0.8,1,2,2,1.0,1.6,1,2,2,0,0,0,0.0,0.0,
2023-11-12 00:00:00,Lille,Toulouse,1,1,D,1.57,4.31,5.67,1.76,2.08,1542.97,1468.59,74.38,1.2,0.2,3,2,0,1.2,1.4,1,2,2,0,0,0,0.0,0.0,
2023-11-24 00:00:00,Paris SG,Monaco,5,2,H,1.48,5.07,5.96,1.36,3.16,1591.13,1557.7,33.43,3.0,0.6,5,0,0,1.4,0.8,3,1,1,0,0,0,0.0,0.0,
2023-11-25 00:00:00,Strasbourg,Marseille,1,1,D,3.9,3.56,1.97,2.04,1.8,1469.5,1484.71,-15.21,0.4,1.4,0,2,3,1.0,1.0,1,1,3,0,0,0,0.0,0.0,
2023-11-25 00:00:00,Clermont,Lens,0,3,A,3.81,3.5,2.01,2.05,1.79,1457.73,1512.62,-54.89,0.6,0.4,2,2,1,1.2,0.2,2,3,0,0,0,0,0.0,0.0,
2023-11-26 00:00:00,Rennes,Reims,3,1,H,1.99,3.62,3.76,1.9,1.93,1464.42,1526.95,-62.54,0.6,1.8,0,1,4,0.8,1.4,2,1,2,0,0,0,0.0,0.0,
2023-11-26 00:00:00,Montpellier,Brest,1,3,A,2.29,3.43,3.15,1.94,1.88,1493.49,1495.8,-2.31,1.2,1.0,2,1,2,0.6,1.4,0,2,3,0,0,0,0.0,0.0,
2023-11-26 00:00:00,Nantes,Le Havre,0,0,D,2.08,3.42,3.68,2.09,1.75,1473.59,1499.66,-26.07,1.0,1.8,2,0,3,0.4,0.8,1,3,1,0,0,0,0.0,0.0,
2023-11-26 00:00:00,Nice,Toulouse,1,0,H,1.51,4.15,6.93,2.02,1.82,1587.54,1471.75,115.79,1.0,0.0,4,1,0,0.8,1.6,0,3,2,0,0,0,0.0,0.0,
2023-11-26 00:00:00,Lyon,Lille,0,2,A,2.99,3.4,2.4,1.91,1.92,1441.83,1539.8,-97.97,1.2,1.6,1,2,2,1.0,0.4,2,3,0,0,0,0,0.0,0.0,
2023-11-26 00:00:00,Lorient,Metz,2,3,A,1.99,3.45,3.96,2.12,1.74,1456.88,1474.88,-18.0,1.0,1.2,1,2,2,1.0,1.0,1,2,2,0,0,0,0.0,0.0,
2023-11-29 00:00:00,Montpellier,Clermont,1,1,D,1.94,3.62,4.01,1.94,1.89,1478.59,1445.08,33.5,0.8,1.6,1,1,3,0.6,1.0,2,1,2,0,0,0,0.0,0.0,
2023-12-01 00:00:00,Reims,Strasbourg,2,1,H,1.74,3.87,4.78,1.85,1.99,1509.28,1470.15,39.13,0.8,1.4,2,1,2,0.6,1.4,0,3,2,0,0,0,0.0,0.0,
2023-12-02 00:00:00,Lens,Lyon,3,2,H,1.71,4.05,4.8,1.76,2.09,1525.27,1430.95,94.32,1.6,0.0,3,2,0,1.2,1.6,1,2,2,0,0,0,0.0,0.0,
2023-12-02 00:00:00,Nantes,Nice,1,0,H,3.87,3.42,2.03,2.19,1.69,1474.72,1597.72,-123.0,0.6,1.6,1,1,3,1.0,0.0,4,1,0,0,0,0,0.0,0.0,
2023-12-03 00:00:00,Le Havre,Paris SG,0,2,A,9.68,5.69,1.31,1.53,2.49,1498.54,1604.69,-106.16,0.4,0.2,1,4,0,3.4,0.8,5,0,0,0,0,0,0.0,0.0,
2023-12-03 00:00:00,Brest,Clermont,3,0,H,1.8,3.72,4.56,2.01,1.83,1510.7,1446.53,64.17,1.2,1.6,1,1,3,0.4,1.0,1,2,2,0,0,0,0.0,0.0,
2023-12-03 00:00:00,Monaco,Montpellier,2,0,H,1.65,4.37,4.78,1.51,2.56,1544.14,1477.15,67.0,1.2,1.6,2,1,2,1.0,1.4,1,2,2,0,0,0,0.0,0.0,
2023-12-03 00:00:00,Toulouse,Lorient,1,1,D,2.02,3.51,3.78,1.94,1.89,1461.57,1442.66,18.92,0.6,1.6,0,2,3,0.8,1.2,1,1,3,0,0,0,0.0,0.0,
2023-12-03 00:00:00,Lille,Metz,2,0,H,1.44,4.72,7.33,1.75,2.11,1550.68,1489.11,61.58,1.2,0.2,3,2,0,1.6,1.2,2,2,1,0,0,0,0.0,0.0,
2023-12-03 00:00:00,Marseille,Rennes,2,0,H,1.92,3.75,3.9,1.82,2.02,1484.05,1482.09,1.97,0.8,0.6,1,2,2,1.0,1.4,1,1,3,0,0,0,0.0,0.0,
2023-12-06 00:00:00,Marseille,Lyon,3,0,H,1.71,3.96,4.87,1.78,2.07,1498.97,1419.93,79.04,0.6,0.6,1,2,2,1.0,1.6,1,1,3,0,0,0,0.0,0.0,
2023-12-07 00:00:00,Brest,Strasbourg,1,1,D,1.85,3.61,4.4,2.07,1.78,1522.96,1456.84,66.12,1.6,1.4,2,0,3,0.6,1.4,0,3,2,0,0,0,0.0,0.0,
2023-12-08 00:00:00,Montpellier,Lens,0,0,D,3.43,3.49,2.14,1.93,1.9,1465.0,1536.3,-71.29,0.4,1.8,0,2,3,2.2,0.4,4,1,0,0,0,0,0.0,0.0,
2023-12-09 00:00:00,Rennes,Monaco,1,2,A,2.52,3.66,2.66,1.68,2.23,1467.17,1556.29,-89.11,0.8,1.4,1,1,3,1.2,1.4,2,1,2,0,0,0,0.0,0.0,
2023-12-09 00:00:00,Paris SG,Nantes,2,1,H,1.22,6.89,11.82,1.4,2.96,1615.25,1494.81,120.43,3.2,0.8,5,0,0,0.4,1.6,1,1,3,0,0,0,0.0,0.0,
2023-12-10 00:00:00,Lorient,Marseille,2,4,A,4.44,3.73,1.8,1.89,1.94,1443.47,1510.61,-67.14,0.6,1.2,0,2,3,1.2,0.4,2,2,1,0,0,0,0.0,0.0,
2023-12-10 00:00:00,Lyon,Toulouse,3,0,H,1.98,3.67,3.69,1.77,2.07,1408.28,1460.76,-52.47,0.8,1.8,1,1,3,0.6,1.6,0,2,3,0,0,0,0.0,0.0,
2023-12-10 00:00:00,Strasbourg,Le Havre,2,1,H,2.14,3.3,3.62,2.3,1.63,1459.66,1487.98,-28.33,0.8,1.0,0,4,1,0.4,0.6,1,3,1,0,0,0,0.0,0.0,
2023-12-10 00:00:00,Clermont,Lille,0,0,D,4.87,3.67,1.74,2.05,1.79,1434.26,1563.05,-128.79,0.4,1.4,1,2,2,1.4,0.2,3,2,0,0,0,0,0.0,0.0,
2023-12-10 00:00:00,Nice,Reims,2,1,H,1.86,3.54,4.34,2.1,1.75,1577.62,1522.6,55.02,0.8,0.2,3,1,1,1.0,1.4,3,0,2,0,0,0,0.0,0.0,
2023-12-10 00:00:00,Metz,Brest,0,1,A,3.4,3.3,2.21,2.15,1.71,1476.74,1520.14,-43.4,1.4,1.2,2,2,1,1.8,1.4,2,1,2,0,0,0,0.0,0.0,
2023-12-15 00:00:00,Monaco,Lyon,0,1,A,1.73,4.19,4.49,1.56,2.43,1567.52,1425.53,141.99,1.6,1.2,3,1,1,1.2,1.6,2,0,3,0,0,0,0.0,0.0,
2023-12-16 00:00:00,Le Havre,Nice,3,1,H,4.33,3.32,1.96,2.46,1.55,1471.76,1590.27,-118.5,0.6,1.0,1,2,2,1.0,0.4,3,1,1,0,0,0,0.0,0.0,
2023-12-16 00:00:00,Lens,Reims,2,0,H,1.87,3.75,4.11,1.82,2.03,1533.26,1509.96,23.3,1.4,0.4,3,2,0,1.0,1.8,2,0,3,0,0,0,0.0,0.0,
2023-12-17 00:00:00,Marseille,Clermont,2,1,H,1.42,4.73,7.61,1.76,2.09,1522.75,1439.58,83.17,2.0,0.8,3,1,1,0.4,1.4,1,2,2,0,0,0,0.0,0.0,
2023-12-17 00:00:00,Toulouse,Rennes,0,0,D,3.19,3.55,2.22,1.84,1.99,1443.51,1455.94,-12.43,0.6,1.6,0,2,3,0.8,1.6,1,0,4,0,0,0,0.0,0.0,
2023-12-17 00:00:00,Nantes,Brest,0,2,A,2.63,3.27,2.79,2.15,1.72,1484.82,1533.28,-48.46,0.6,1.2,1,1,3,1.6,0.8,3,1,1,0,0,0,0.0,0.0,
2023-12-17 00:00:00,Lorient,Strasbourg,1,2,A,2.53,3.25,2.93,2.16,1.71,1431.34,1475.88,-44.54,1.0,1.8,0,2,3,1.0,1.0,1,3,1,0,0,0,0.0,0.0,
2023-12-17 00:00:00,Lille,Paris SG,1,1,D,3.99,3.95,1.84,1.68,2.23,1557.73,1625.25,-67.51,1.0,0.2,2,3,0,3.0,0.6,5,0,0,0,0,0,0.0,0.0,
2023-12-17 00:00:00,Metz,Montpellier,0,1,A,3.25,3.29,2.31,2.08,1.77,1463.6,1468.04,-4.44,1.4,1.4,2,1,2,0.4,1.2,0,3,2,0,0,0,0.0,0.0,
2023-12-20 00:00:00,Brest,Lorient,4,0,H,1.61,4.0,5.71,1.94,1.88,1546.2,1418.25,127.95,2.0,0.4,4,1,0,1.2,2.2,0,1,4,0,0,0,0.0,0.0,
2023-12-20 00:00:00,Clermont,Rennes,1,3,A,3.35,3.39,2.21,2.04,1.79,1428.11,1455.4,-27.29,0.4,1.8,0,2,3,0.8,1.2,1,1,3,0,0,0,0.0,0.0,
2023-12-20 00:00:00,Lyon,Nantes,1,0,H,1.69,4.13,4.73,1.75,2.11,1446.34,1471.89,-25.55,1.2,1.6,2,0,3,0.6,1.4,1,1,3,0,0,0,0.0,0.0,
2023-12-20 00:00:00,Montpellier,Marseille,1,1,D,3.43,3.63,2.09,1.8,2.04,1482.85,1534.23,-51.38,0.6,1.2,1,2,2,2.4,0.8,4,1,0,0,0,0,0.0,0.0,
2023-12-20 00:00:00,Toulouse,Monaco,1,2,A,4.24,3.97,1.79,1.64,2.27,1444.05,1546.71,-102.67,0.4,1.2,0,3,2,1.2,1.4,2,1,2,0,0,0,0.0,0.0,
2023-12-20 00:00:00,Paris SG,Metz,3,1,H,1.15,8.69,17.31,1.36,3.14,1622.37,1448.79,173.57,2.6,0.8,4,1,0,1.2,1.4,2,0,3,0,0,0,0.0,0.0,
2023-12-20 00:00:00,Nice,Lens,2,0,H,2.32,3.2,3.34,2.27,1.65,1570.34,1547.26,23.08,0.8,1.0,2,1,2,1.8,0.4,4,1,0,0,0,0,0.0,0.0,
2023-12-20 00:00:00,Reims,Le Havre,1,0,H,1.69,3.93,5.0,1.91,1.91,1495.96,1491.69,4.27,0.8,2.2,1,0,4,0.8,1.0,1,2,2,0,0,0,0.0,0.0,
2023-12-20 00:00:00,Strasbourg,Lille,2,1,H,3.88,3.51,1.99,2.05,1.79,1488.96,1560.61,-71.65,1.4,1.2,2,2,1,1.2,0.4,2,3,0,0,0,0,0.0,0.0,
2024-01-12 00:00:00,Marseille,Strasbourg,1,1,D,1.6,3.98,5.97,2.06,1.79,1532.02,1507.01,25.01,2.4,0.8,4,1,0,1.6,1.2,3,1,1,0,0,1,1.0,1.0,
2024-01-13 00:00:00,Monaco,Reims,1,3,A,1.75,4.11,4.35,1.61,2.35,1557.4,1510.78,46.63,1.6,1.6,3,0,2,1.0,1.6,2,0,3,1,0,0,3.0,1.0,
2024-01-13 00:00:00,Rennes,Nice,2,0,H,2.37,3.26,3.14,2.28,1.65,1469.22,1584.34,-115.12,1.4,1.2,2,1,2,1.2,1.0,3,0,2,0,1,0,0.0,2.0,
2024-01-14 00:00:00,Lille,Lorient,3,0,H,1.38,4.95,8.23,1.74,2.12,1542.56,1408.54,134.03,1.2,0.6,2,2,1,1.2,2.8,0,1,4,0,1,0,1.0,4.0,
2024-01-14 00:00:00,Brest,Montpellier,2,0,H,1.86,3.67,4.21,1.94,1.89,1555.91,1485.05,70.86,2.2,0.2,4,1,0,0.6,0.8,1,3,1,1,0,0,3.0,1.0,
2024-01-14 00:00:00,Metz,Toulouse,0,1,A,3.04,3.14,2.51,2.28,1.64,1440.72,1433.35,7.37,0.8,1.8,1,0,4,0.4,1.4,0,2,3,0,1,0,0.0,3.0,
2024-01-14 00:00:00,Nantes,Clermont,1,2,A,1.98,3.45,3.96,2.15,1.72,1455.79,1414.28,41.51,0.4,1.0,1,1,3,0.6,1.8,0,2,3,1,0,0,1.0,0.0,
2024-01-14 00:00:00,Le Havre,Lyon,3,1,H,3.18,3.32,2.32,2.06,1.78,1476.87,1462.44,14.43,0.8,1.2,1,1,3,1.4,1.2,3,0,2,0,0,1,0.0,0.0,
2024-01-14 00:00:00,Lens,Paris SG,0,2,A,3.7,3.96,1.91,1.62,2.34,1533.25,1630.44,-97.19,1.6,0.8,3,1,1,2.6,1.0,4,1,0,0,1,0,1.0,3.0,
2024-01-26 00:00:00,Lyon,Rennes,2,3,A,2.53,3.35,2.85,2.03,1.8,1448.07,1489.02,-40.95,1.2,1.2,3,0,2,1.2,1.0,2,1,2,1,0,0,1.0,0.0,
2024-01-27 00:00:00,Nice,Metz,1,0,H,1.41,4.45,8.85,2.11,1.75,1564.55,1425.4,139.14,1.0,1.4,2,0,3,0.2,1.6,0,0,5,1,0,0,1.0,0.0,
2024-01-27 00:00:00,Marseille,Monaco,2,2,D,2.4,3.66,2.79,1.71,2.16,1530.95,1540.4,-9.46,2.2,1.0,3,2,0,1.4,1.2,3,0,2,0,1,0,2.0,3.0,
2024-01-28 00:00:00,Paris SG,Brest,2,2,D,1.4,5.12,7.12,1.56,2.41,1641.35,1567.89,73.46,2.0,0.6,4,1,0,2.0,0.2,4,1,0,1,0,0,3.0,2.0,
2024-01-28 00:00:00,Toulouse,Lens,0,2,A,3.54,3.55,2.06,1.95,1.86,1448.67,1522.34,-73.67,0.6,1.2,1,2,2,1.0,1.2,2,1,2,0,1,0,1.0,2.0,
2024-01-28 00:00:00,Reims,Nantes,0,0,D,1.83,3.72,4.29,1.88,1.92,1527.78,1439.01,88.77,1.4,1.2,3,0,2,0.6,1.4,1,0,4,1,0,0,1.0,0.0,
2024-01-28 00:00:00,Montpellier,Lille,0,0,D,3.76,3.55,1.99,1.96,1.84,1473.07,1552.05,-78.98,0.4,1.0,1,2,2,1.4,0.6,2,2,1,0,1,0,0.0,1.0,
2024-01-28 00:00:00,Lorient,Le Havre,3,3,D,2.92,3.12,2.59,2.38,1.58,1399.05,1491.25,-92.2,0.8,2.8,0,1,4,1.4,1.4,2,0,3,0,1,0,0.0,3.0,
2024-01-28 00:00:00,Clermont,Strasbourg,1,1,D,2.79,3.24,2.62,2.22,1.67,1431.07,1508.09,-77.03,0.8,1.8,1,1,3,1.6,1.0,3,2,0,0,0,1,0.0,0.0,
2024-02-02 00:00:00,Strasbourg,Paris SG,1,2,A,6.25,4.63,1.5,1.62,2.34,1504.82,1638.23,-133.41,1.6,1.0,3,2,0,2.0,1.0,3,2,0,0,1,0,0.0,3.0,
2024-02-03 00:00:00,Rennes,Montpellier,2,1,H,1.63,4.07,5.33,1.81,1.98,1502.26,1476.42,25.84,1.8,1.0,3,1,1,0.4,0.6,1,3,1,0,0,1,0.0,0.0,
2024-02-03 00:00:00,Nantes,Lens,0,1,A,3.36,3.38,2.2,2.04,1.8,1442.76,1534.21,-91.45,0.4,1.4,0,1,4,0.8,0.8,2,1,2,0,1,0,0.0,4.0,
2024-02-04 00:00:00,Monaco,Le Havre,1,1,D,1.48,4.55,6.58,1.74,2.12,1539.99,1487.36,52.63,1.4,1.6,2,1,2,2.0,1.6,2,1,2,0,0,1,0.0,0.0,
2024-02-04 00:00:00,Lille,Clermont,4,0,H,1.41,4.72,7.88,1.81,2.02,1548.69,1434.34,114.36,1.0,0.6,1,3,1,1.0,1.4,1,2,2,0,0,1,0.0,0.0,
2024-02-04 00:00:00,Metz,Lorient,1,2,A,2.26,3.14,3.47,2.47,1.55,1416.11,1402.94,13.17,0.2,1.4,0,0,5,1.2,3.2,0,1,4,1,0,0,3.0,2.0,
2024-02-04 00:00:00,Reims,Toulouse,2,3,A,1.78,3.72,4.55,1.92,1.9,1524.03,1436.8,87.22,1.0,1.0,2,1,2,0.4,1.4,1,1,3,0,0,1,1.0,1.0,
2024-02-04 00:00:00,Brest,Nice,0,0,D,2.48,3.17,3.03,2.37,1.59,1571.02,1573.84,-2.83,2.2,0.4,4,1,0,1.2,1.2,3,0,2,0,0,1,0.0,0.0,
2024-02-04 00:00:00,Lyon,Marseille,1,0,H,2.83,3.39,2.5,1.91,1.91,1434.83,1531.35,-96.53,1.6,1.2,3,0,2,2.0,1.4,2,3,0,0,1,0,0.0,3.0,
2024-02-09 00:00:00,Marseille,Metz,1,1,D,1.42,4.55,8.16,1.98,1.85,1512.29,1400.54,111.75,1.2,1.2,1,3,1,0.4,1.6,0,0,5,0,0,1,2.0,2.0,
2024-02-10 00:00:00,Paris SG,Lille,3,1,H,1.62,4.25,5.2,1.69,2.19,1647.73,1558.93,88.8,2.0,1.0,3,2,0,1.8,0.6,2,2,1,0,0,1,1.0,1.0,
2024-02-10 00:00:00,Lens,Strasbourg,3,1,H,1.64,3.9,5.48,1.99,1.84,1545.35,1495.31,50.03,1.0,0.8,3,0,2,1.4,1.2,2,2,1,1,0,0,1.0,0.0,
2024-02-11 00:00:00,Le Havre,Rennes,0,1,A,3.52,3.34,2.16,2.2,1.69,1489.62,1516.15,-26.53,2.0,1.4,2,2,1,2.0,0.8,4,1,0,0,0,1,2.0,2.0,
2024-02-11 00:00:00,Clermont,Brest,1,1,D,3.71,3.37,2.07,2.16,1.7,1424.1,1571.14,-147.03,1.0,2.2,1,1,3,2.0,0.4,3,2,0,0,1,0,0.0,3.0,
2024-02-11 00:00:00,Lorient,Reims,2,0,H,3.61,3.53,2.04,1.94,1.88,1418.51,1505.34,-86.83,1.2,2.6,1,1,3,1.2,1.2,2,1,2,0,1,0,0.0,1.0,
2024-02-11 00:00:00,Toulouse,Nantes,1,2,A,2.2,3.39,3.32,2.07,1.76,1455.49,1431.62,23.87,1.0,1.2,2,1,2,0.2,1.2,0,1,4,1,0,0,2.0,1.0,
2024-02-11 00:00:00,Montpellier,Lyon,1,2,A,3.05,3.35,2.36,2.01,1.82,1462.53,1453.89,8.64,0.6,1.0,1,2,2,1.2,1.2,3,0,2,1,0,0,4.0,1.0,
2024-02-11 00:00:00,Nice,Monaco,2,3,A,2.33,3.36,3.09,2.01,1.82,1573.72,1537.74,35.98,0.8,1.0,2,1,2,1.2,1.6,1,2,2,1,0,0,1.0,0.0,
2024-02-16 00:00:00,Lyon,Nice,1,0,H,2.66,3.16,2.85,2.24,1.67,1469.26,1557.17,-87.91,1.4,1.4,3,0,2,1.0,1.0,2,1,2,0,0,1,0.0,0.0,
2024-02-17 00:00:00,Lille,Le Havre,3,0,H,1.52,4.15,6.76,2.08,1.76,1547.68,1475.76,71.92,1.8,1.0,2,1,2,1.4,1.4,1,2,2,1,0,0,2.0,0.0,
2024-02-17 00:00:00,Nantes,Paris SG,0,2,A,6.2,4.66,1.49,1.59,2.38,1447.65,1658.98,-211.33,0.6,1.0,1,1,3,2.4,1.0,4,1,0,0,1,0,1.0,2.0,
2024-02-18 00:00:00,Strasbourg,Lorient,1,3,A,1.7,3.85,4.93,1.94,1.89,1482.46,1437.18,45.28,1.2,1.6,1,2,2,1.4,2.2,2,1,2,1,0,0,2.0,1.0,
2024-02-18 00:00:00,Monaco,Toulouse,1,2,A,1.51,4.55,5.93,1.59,2.37,1554.29,1439.46,114.82,1.8,1.8,2,2,1,1.2,1.6,2,0,3,1,0,0,2.0,1.0,
2024-02-18 00:00:00,Montpellier,Metz,3,0,H,1.78,3.6,4.76,2.17,1.7,1447.16,1405.21,41.95,0.6,1.4,0,2,3,0.6,1.6,0,1,4,1,0,0,1.0,0.0,
2024-02-18 00:00:00,Rennes,Clermont,3,1,H,1.5,4.41,6.41,1.78,2.05,1530.0,1430.1,99.9,2.2,0.8,5,0,0,1.0,2.0,1,2,2,1,0,0,3.0,1.0,
2024-02-18 00:00:00,Reims,Lens,1,1,D,2.72,3.33,2.63,2.0,1.83,1486.67,1558.2,-71.54,1.2,1.2,2,1,2,1.2,1.0,3,0,2,0,1,0,0.0,2.0,
2024-02-18 00:00:00,Brest,Marseille,1,0,H,2.53,3.2,2.95,2.12,1.73,1565.14,1507.63,57.52,1.8,0.6,2,3,0,1.0,1.2,0,4,1,0,1,0,0.0,2.0,
2024-02-23 00:00:00,Metz,Lyon,1,2,A,4.14,3.4,1.96,2.22,1.68,1392.01,1487.98,-95.97,0.4,1.6,0,1,4,1.4,1.4,3,0,2,0,0,1,1.0,1.0,
2024-02-24 00:00:00,Strasbourg,Brest,0,3,A,3.0,3.2,2.5,2.21,1.68,1465.51,1577.68,-112.17,1.0,2.0,0,2,3,1.2,0.6,2,3,0,0,0,1,1.0,1.0,
2024-02-24 00:00:00,Lorient,Nantes,0,1,A,2.57,3.23,2.88,2.17,1.71,1454.13,1440.79,13.33,2.0,1.6,3,1,1,0.6,1.2,1,1,3,0,1,0,3.0,5.0,
2024-02-25 00:00:00,Lens,Monaco,2,3,A,2.38,3.56,2.88,1.76,2.08,1555.16,1534.5,20.65,1.4,0.8,3,1,1,1.6,2.0,1,2,2,0,1,0,0.0,3.0,
2024-02-25 00:00:00,Le Havre,Reims,1,2,A,3.02,3.31,2.41,2.16,1.71,1463.82,1489.71,-25.89,1.4,1.8,1,2,2,1.2,1.4,1,2,2,0,1,0,0.0,1.0,
2024-02-25 00:00:00,Nice,Clermont,0,0,D,1.47,4.22,7.5,2.09,1.76,1538.46,1419.3,119.16,0.6,1.2,1,1,3,1.0,2.0,1,2,2,1,0,0,1.0,0.0,
2024-02-25 00:00:00,Toulouse,Lille,3,1,H,4.03,3.6,1.92,1.97,1.86,1459.25,1559.62,-100.37,1.4,1.4,3,0,2,2.2,0.6,3,1,1,0,0,1,1.0,1.0,
2024-02-25 00:00:00,Paris SG,Rennes,1,1,D,1.46,4.69,6.73,1.6,2.35,1665.84,1540.81,125.03,2.2,0.8,4,1,0,2.2,0.8,5,0,0,1,0,0,3.0,1.0,
2024-02-25 00:00:00,Marseille,Montpellier,4,1,H,1.71,3.94,4.74,1.8,2.02,1495.09,1460.36,34.73,0.8,1.2,0,3,2,1.0,1.2,1,1,3,0,0,1,1.0,1.0,
2024-03-01 00:00:00,Monaco,Paris SG,0,0,D,3.41,3.88,2.03,1.52,2.53,1550.39,1660.66,-110.27,2.0,1.8,2,2,1,2.0,1.0,3,2,0,0,1,0,2.0,5.0,
2024-03-02 00:00:00,Reims,Lille,0,1,A,2.73,3.36,2.62,1.9,1.88,1503.6,1540.4,-36.81,1.0,1.4,1,2,2,1.8,1.2,2,1,2,1,0,0,2.0,1.0,
2024-03-02 00:00:00,Clermont,Marseille,1,5,A,4.12,3.66,1.88,1.88,1.94,1424.25,1508.59,-84.34,0.6,1.8,0,3,2,1.4,1.2,1,2,2,0,1,0,1.0,2.0,
2024-03-03 00:00:00,Toulouse,Nice,2,1,H,3.36,3.19,2.29,2.31,1.63,1478.47,1533.5,-55.04,1.8,1.6,3,0,2,0.6,0.8,1,2,2,0,1,0,0.0,1.0,
2024-03-03 00:00:00,Brest,Le Havre,1,0,H,1.6,3.9,5.92,2.03,1.8,1588.0,1449.94,138.07,1.4,0.6,2,3,0,1.0,2.0,0,2,3,1,0,0,2.0,1.0,
2024-03-03 00:00:00,Montpellier,Strasbourg,2,2,D,2.03,3.5,3.66,1.96,1.86,1446.85,1455.2,-8.34,1.2,1.6,1,1,3,0.8,2.4,0,1,4,0,0,1,2.0,2.0,
2024-03-03 00:00:00,Rennes,Lorient,1,2,A,1.43,4.6,7.47,1.78,2.05,1545.98,1438.55,107.43,2.0,1.0,4,1,0,2.0,1.2,3,1,1,0,1,0,1.0,2.0,
2024-03-03 00:00:00,Lyon,Lens,0,3,A,2.55,3.33,2.8,1.94,1.88,1498.94,1539.27,-40.33,1.6,1.0,4,0,1,1.8,1.0,3,1,1,0,1,0,2.0,3.0,
2024-03-03 00:00:00,Nantes,Metz,0,2,A,1.8,3.48,4.83,2.32,1.62,1456.37,1381.05,75.32,0.6,0.8,2,1,2,0.6,1.8,0,1,4,0,1,0,1.0,3.0,
2024-03-08 00:00:00,Nice,Montpellier,1,2,A,1.78,3.79,4.56,1.88,1.95,1516.15,1447.21,68.94,0.6,1.2,0,2,3,1.6,2.0,1,1,3,0,0,1,0.0,0.0,
2024-03-09 00:00:00,Lorient,Lyon,0,2,A,3.29,3.46,2.22,1.94,1.88,1458.05,1485.67,-27.63,1.8,0.8,4,0,1,1.2,1.0,4,0,1,0,0,1,3.0,3.0,
2024-03-09 00:00:00,Lens,Brest,1,0,H,2.08,3.36,3.76,2.17,1.7,1552.53,1597.34,-44.8,2.0,1.0,3,1,1,1.2,0.2,3,2,0,0,1,0,2.0,3.0,
2024-03-10 00:00:00,Paris SG,Reims,2,2,D,1.4,5.17,7.08,1.49,2.64,1656.05,1490.18,165.87,1.6,0.6,3,2,0,1.0,1.6,1,1,3,1,0,0,3.0,0.0,
2024-03-10 00:00:00,Le Havre,Toulouse,1,0,H,2.77,3.22,2.65,2.18,1.69,1440.6,1495.82,-55.22,0.4,1.6,0,1,4,2.2,1.4,4,0,1,1,0,0,2.0,1.0,
2024-03-10 00:00:00,Metz,Clermont,1,0,H,2.28,3.3,3.26,2.13,1.72,1399.25,1412.82,-13.57,1.0,1.6,1,1,3,0.6,2.6,0,2,3,1,0,0,1.0,0.0,
2024-03-10 00:00:00,Strasbourg,Monaco,0,1,A,3.46,3.77,2.01,1.67,2.22,1454.84,1555.0,-100.16,1.0,2.6,0,1,4,1.6,1.4,2,2,1,0,1,0,0.0,3.0,
2024-03-10 00:00:00,Lille,Rennes,2,2,D,2.04,3.49,3.66,1.99,1.83,1553.82,1526.49,27.33,2.0,1.2,3,0,2,1.6,1.0,3,1,1,0,0,1,2.0,2.0,
2024-03-10 00:00:00,Marseille,Nantes,2,0,H,1.5,4.34,6.72,1.84,1.99,1520.02,1438.17,81.85,2.0,1.0,2,1,2,0.6,1.2,2,0,3,0,0,1,1.0,1.0,
2024-03-15 00:00:00,Toulouse,Lyon,2,3,A,2.85,3.26,2.6,2.03,1.82,1478.46,1499.48,-21.02,1.6,1.2,3,0,2,1.4,1.0,4,0,1,0,1,0,0.0,3.0,
2024-03-16 00:00:00,Lens,Nice,1,3,A,2.03,3.41,3.88,2.13,1.71,1569.46,1498.21,71.25,2.0,1.0,3,1,1,0.8,1.6,0,1,4,0,1,0,0.0,2.0,
2024-03-16 00:00:00,Nantes,Strasbourg,1,3,A,2.28,3.32,3.28,2.13,1.73,1426.64,1444.04,-17.41,0.6,1.4,2,0,3,0.8,2.4,0,1,4,1,0,0,2.0,1.0,
2024-03-17 00:00:00,Brest,Lille,1,1,D,2.57,3.12,2.95,2.33,1.62,1580.41,1552.64,27.77,1.2,0.4,3,1,1,1.6,1.6,2,1,2,0,1,0,0.0,1.0,
2024-03-17 00:00:00,Clermont,Le Havre,2,1,H,2.64,3.16,2.85,2.27,1.65,1397.24,1457.97,-60.73,0.6,2.0,0,2,3,0.4,1.4,1,0,4,0,1,0,1.0,2.0,
2024-03-17 00:00:00,Monaco,Lorient,2,2,D,1.34,5.39,8.53,1.55,2.47,1565.79,1444.24,121.56,1.6,1.2,3,1,1,1.4,1.0,3,0,2,0,0,1,2.0,2.0,
2024-03-17 00:00:00,Reims,Metz,2,1,H,1.56,4.1,6.09,1.97,1.86,1496.84,1414.84,82.0,1.0,1.4,1,2,2,1.0,1.2,2,1,2,0,0,1,2.0,2.0,
2024-03-17 00:00:00,Rennes,Marseille,2,0,H,2.48,3.45,2.8,1.86,1.96,1527.66,1531.55,-3.89,1.6,1.2,2,2,1,2.4,0.8,3,1,1,0,1,0,0.0,2.0,
2024-03-17 00:00:00,Montpellier,Paris SG,2,6,A,5.52,4.63,1.53,1.5,2.58,1465.15,1649.39,-184.24,1.8,1.8,2,1,2,1.6,0.8,2,3,0,0,1,0,0.0,3.0,
2024-03-29 00:00:00,Lille,Lens,2,1,H,2.09,3.37,3.73,2.09,1.76,1553.84,1551.42,2.42,1.6,1.2,2,2,1,1.6,1.4,2,1,2,0,0,1,1.0,1.0,
2024-03-30 00:00:00,Metz,Monaco,2,5,A,5.19,4.21,1.63,1.71,2.16,1403.31,1560.75,-157.43,1.0,1.4,2,0,3,1.4,1.2,2,2,1,0,1,0,1.0,2.0,
2024-03-30 00:00:00,Lyon,Reims,1,1,D,2.11,3.65,3.38,1.75,2.07,1513.57,1508.37,5.21,1.6,1.2,4,0,1,1.4,1.2,2,2,1,0,1,0,0.0,2.0,
2024-03-31 00:00:00,Marseille,Paris SG,0,2,A,3.29,3.81,2.08,1.6,2.35,1516.38,1657.11,-140.72,2.2,1.0,3,0,2,2.2,1.0,2,3,0,0,1,0,0.0,4.0,
2024-03-31 00:00:00,Nice,Nantes,1,2,A,1.76,3.56,5.09,2.26,1.65,1516.24,1412.39,103.86,1.0,1.2,1,1,3,0.4,1.8,1,0,4,0,1,0,0.0,1.0,
2024-03-31 00:00:00,Strasbourg,Rennes,2,0,H,3.08,3.43,2.31,1.89,1.94,1458.29,1542.83,-84.54,1.2,2.0,1,1,3,1.8,1.2,2,2,1,0,0,1,1.0,1.0,
2024-03-31 00:00:00,Clermont,Toulouse,0,3,A,3.11,3.32,2.34,2.01,1.82,1414.83,1464.36,-49.53,0.8,2.0,1,1,3,1.8,1.4,3,0,2,0,0,1,2.0,2.0,
2024-03-31 00:00:00,Le Havre,Montpellier,0,2,A,2.55,3.32,2.81,2.03,1.81,1440.37,1457.43,-17.06,0.6,1.6,1,0,4,2.0,2.6,2,1,2,0,0,1,2.0,2.0,
2024-03-31 00:00:00,Lorient,Brest,0,1,A,3.93,3.37,2.01,2.2,1.68,1449.28,1579.22,-129.94,1.4,1.4,2,1,2,1.2,0.4,3,1,1,0,1,0,0.0,4.0,
2024-04-05 00:00:00,Lille,Marseille,3,1,H,2.09,3.38,3.73,2.05,1.79,1568.73,1507.15,61.59,1.4,1.4,2,2,1,2.2,1.2,3,0,2,0,0,1,0.0,0.0,
2024-04-06 00:00:00,Lens,Le Havre,1,1,D,1.54,4.12,6.5,1.99,1.84,1536.53,1426.11,110.42,1.6,1.6,2,0,3,0.6,1.4,1,0,4,0,0,1,0.0,0.0,
2024-04-06 00:00:00,Paris SG,Clermont,1,1,D,1.18,7.87,14.32,1.33,3.31,1666.34,1401.95,264.39,2.2,1.0,2,3,0,0.6,2.0,1,1,3,0,0,1,0.0,0.0,
2024-04-07 00:00:00,Nantes,Lyon,1,3,A,3.21,3.32,2.3,2.08,1.76,1431.74,1513.35,-81.61,0.8,1.6,2,0,3,1.6,1.4,3,1,1,0,1,0,0.0,1.0,
2024-04-07 00:00:00,Monaco,Rennes,1,0,H,1.82,3.98,4.02,1.58,2.39,1569.38,1524.25,45.13,2.2,1.2,3,2,0,1.2,1.4,1,2,2,1,0,0,2.0,1.0,
2024-04-07 00:00:00,Montpellier,Lorient,2,0,H,1.79,3.87,4.34,1.73,2.13,1471.7,1439.64,32.06,1.8,2.6,2,1,2,0.8,1.4,1,1,3,1,0,0,3.0,0.0,
2024-04-07 00:00:00,Reims,Nice,0,0,D,2.49,3.24,2.97,2.05,1.79,1508.59,1496.89,11.7,1.4,1.2,2,2,1,1.2,1.4,1,1,3,0,1,0,1.0,2.0,
2024-04-07 00:00:00,Toulouse,Strasbourg,0,0,D,2.07,3.53,3.57,1.88,1.94,1477.24,1476.87,0.37,2.0,1.2,3,0,2,1.4,1.4,2,1,2,0,1,0,0.0,2.0,
2024-04-07 00:00:00,Brest,Metz,4,3,H,1.52,4.01,7.1,2.16,1.71,1588.85,1394.68,194.17,1.2,0.4,3,1,1,1.4,1.8,2,0,3,1,0,0,1.0,0.0,
2024-04-12 00:00:00,Metz,Lens,2,1,H,4.95,3.84,1.72,1.91,1.92,1387.29,1531.91,-144.63,1.8,2.2,2,0,3,1.4,1.2,2,1,2,1,0,0,1.0,0.0,
2024-04-13 00:00:00,Strasbourg,Reims,3,1,H,2.59,3.32,2.78,1.98,1.85,1476.89,1508.09,-31.2,1.4,0.8,2,2,1,1.0,1.0,1,3,1,0,1,0,1.0,2.0,
2024-04-13 00:00:00,Rennes,Toulouse,1,2,A,1.83,3.73,4.35,1.88,1.95,1511.19,1477.22,33.97,1.0,1.4,1,1,3,1.4,1.0,2,1,2,0,0,1,0.0,0.0,
2024-04-14 00:00:00,Le Havre,Nantes,0,1,A,2.55,3.04,3.07,2.48,1.55,1430.72,1420.2,10.52,0.6,1.2,1,1,3,0.8,2.2,1,0,4,0,0,1,0.0,0.0,
2024-04-14 00:00:00,Clermont,Montpellier,1,1,D,3.31,3.59,2.14,1.77,2.07,1411.58,1485.32,-73.74,0.8,2.2,1,1,3,2.0,1.8,3,1,1,0,0,1,1.0,1.0,
2024-04-14 00:00:00,Lyon,Brest,4,3,H,2.24,3.32,3.32,2.03,1.8,1524.89,1596.25,-71.36,1.8,1.4,3,1,1,1.4,1.0,3,1,1,0,1,0,0.0,1.0,
2024-04-19 00:00:00,Nice,Lorient,3,0,H,1.56,4.21,6.06,1.87,1.96,1497.39,1426.02,71.37,1.2,1.4,1,1,3,0.8,1.6,1,1,3,0,0,1,1.0,1.0,
2024-04-20 00:00:00,Lens,Clermont,1,0,H,1.39,4.8,8.27,1.75,2.1,1511.01,1414.72,96.29,1.0,1.6,1,1,3,0.8,1.4,1,2,2,1,0,0,3.0,0.0,
2024-04-20 00:00:00,Nantes,Rennes,0,3,A,3.03,3.31,2.41,2.09,1.76,1435.66,1494.73,-59.07,1.0,1.8,2,0,3,1.0,1.4,1,1,3,0,1,0,1.0,3.0,
2024-04-21 00:00:00,Lille,Strasbourg,1,0,H,1.61,4.03,5.61,1.9,1.92,1581.1,1493.23,87.87,1.8,1.0,3,2,0,1.6,0.6,3,1,1,0,1,0,1.0,2.0,
2024-04-21 00:00:00,Le Havre,Metz,0,1,A,2.19,3.19,3.58,2.35,1.61,1415.27,1408.19,7.07,0.6,1.2,1,1,3,1.8,2.4,2,0,3,0,0,1,0.0,0.0,
2024-04-21 00:00:00,Paris SG,Lyon,4,1,H,1.48,4.97,5.85,1.47,2.67,1656.72,1542.93,113.79,2.2,1.0,2,3,0,2.6,1.4,4,1,0,1,0,0,4.0,1.0,
2024-04-21 00:00:00,Toulouse,Marseille,2,2,D,2.77,3.31,2.59,1.94,1.88,1493.69,1494.78,-1.09,1.4,1.0,2,1,2,1.6,1.6,2,0,3,0,0,1,0.0,0.0,
2024-04-21 00:00:00,Reims,Montpellier,1,2,A,1.98,3.71,3.65,1.72,2.14,1491.74,1482.18,9.56,1.2,1.4,1,3,1,1.8,1.6,3,1,1,1,0,0,3.0,1.0,
2024-04-21 00:00:00,Brest,Monaco,0,2,A,2.69,3.45,2.58,1.77,2.07,1578.21,1582.44,-4.23,1.8,1.8,2,1,2,1.8,0.8,3,2,0,0,1,0,0.0,2.0,
2024-04-24 00:00:00,Lorient,Paris SG,1,4,A,7.45,5.29,1.38,1.49,2.63,1414.06,1666.97,-252.91,0.4,2.0,0,1,4,3.0,1.2,3,2,0,0,0,1,0.0,0.0,
2024-04-24 00:00:00,Marseille,Nice,2,2,D,2.23,3.42,3.27,2.02,1.81,1494.73,1509.35,-14.62,1.0,1.8,1,1,3,1.6,1.0,2,1,2,0,1,0,0.0,1.0,
2024-04-24 00:00:00,Monaco,Lille,1,0,H,2.28,3.59,3.03,1.71,2.15,1597.26,1592.39,4.87,2.2,0.8,4,1,0,1.8,1.0,3,2,0,0,1,0,0.0,2.0,
2024-04-26 00:00:00,Montpellier,Nantes,1,1,D,2.02,3.56,3.75,1.91,1.92,1497.59,1423.18,74.41,1.8,1.6,3,1,1,1.0,2.0,2,0,3,0,1,0,0.0,2.0,
2024-04-27 00:00:00,Paris SG,Le Havre,3,3,D,1.33,5.45,8.99,1.62,2.32,1672.65,1399.96,272.69,3.4,1.0,4,1,0,0.4,1.4,0,1,4,1,0,0,2.0,0.0,
2024-04-28 00:00:00,Metz,Lille,1,2,A,4.61,3.81,1.75,1.91,1.91,1423.5,1577.6,-154.1,1.8,2.4,2,0,3,1.4,0.8,3,1,1,0,1,0,0.0,2.0,
2024-04-28 00:00:00,Clermont,Reims,4,1,H,3.56,3.53,2.06,1.86,1.96,1403.77,1476.33,-72.56,0.8,1.4,1,2,2,1.0,1.4,1,2,2,0,1,0,0.0,2.0,
2024-04-28 00:00:00,Strasbourg,Nice,1,3,A,3.12,3.27,2.36,2.11,1.73,1481.95,1508.72,-26.78,1.6,0.6,3,1,1,1.8,1.0,2,2,1,0,1,0,0.0,2.0,
2024-04-28 00:00:00,Rennes,Brest,4,5,A,2.25,3.35,3.27,2.09,1.76,1507.2,1563.39,-56.19,1.2,1.0,2,0,3,1.8,2.0,2,1,2,0,0,1,0.0,0.0,
2024-04-28 00:00:00,Lyon,Monaco,3,2,H,2.57,3.72,2.57,1.54,2.47,1532.67,1612.05,-79.38,2.4,2.2,3,1,1,2.2,0.8,4,1,0,1,0,0,1.0,0.0,
2024-04-28 00:00:00,Marseille,Lens,2,1,H,2.46,3.45,2.83,1.91,1.87,1495.36,1521.95,-26.59,1.0,2.2,0,2,3,1.0,1.6,1,1,3,0,1,0,0.0,1.0,
2024-04-28 00:00:00,Lorient,Toulouse,1,2,A,2.66,3.36,2.67,2.0,1.83,1408.39,1493.73,-85.35,0.6,2.4,0,1,4,1.8,1.2,2,2,1,0,0,1,1.0,1.0,
2024-05-03 00:00:00,Toulouse,Montpellier,1,2,A,2.08,3.8,3.33,1.59,2.4,1505.12,1494.43,10.69,1.8,0.8,3,2,0,1.6,0.6,3,2,0,0,1,0,0.0,3.0,
2024-05-03 00:00:00,Lens,Lorient,2,0,H,1.43,4.95,6.93,1.57,2.43,1505.81,1397.0,108.81,1.0,1.4,1,1,3,0.4,2.4,0,0,5,0,0,1,0.0,0.0,
2024-05-04 00:00:00,Le Havre,Strasbourg,3,1,H,2.4,3.22,3.14,2.31,1.62,1409.79,1468.1,-58.31,0.8,1.6,0,2,3,1.2,1.0,2,1,2,0,1,0,1.0,2.0,
2024-05-04 00:00:00,Monaco,Clermont,4,1,H,1.31,5.99,8.61,1.37,3.07,1593.68,1421.86,171.82,2.2,1.0,4,0,1,1.2,1.4,1,2,2,1,0,0,4.0,2.0,
2024-05-04 00:00:00,Metz,Rennes,2,3,A,3.47,3.65,2.06,1.86,1.95,1414.75,1494.61,-79.86,1.8,2.4,2,0,3,1.6,2.0,1,0,4,0,1,0,1.0,5.0,
2024-05-04 00:00:00,Brest,Nantes,0,0,D,1.74,3.7,4.97,2.14,1.72,1575.99,1426.35,149.64,2.6,2.6,3,0,2,1.0,1.6,2,1,2,1,0,0,2.0,0.0,
2024-05-06 00:00:00,Lille,Lyon,3,4,A,1.91,3.77,3.84,1.74,2.09,1586.35,1551.04,35.31,1.6,0.8,4,0,1,2.4,2.2,3,1,1,1,0,0,2.0,0.0,
2024-05-10 00:00:00,Brest,Reims,1,1,D,1.69,4.02,4.96,1.74,2.13,1569.9,1458.24,111.66,2.4,2.6,2,1,2,0.8,2.0,0,2,3,1,0,0,2.0,1.0,
2024-05-10 00:00:00,Nice,Le Havre,1,0,H,1.55,4.16,6.26,1.93,1.9,1522.57,1427.29,95.28,1.8,1.0,2,2,1,1.4,1.4,1,2,2,0,1,0,1.0,3.0,
2024-05-12 00:00:00,Clermont,Lyon,0,1,A,5.22,4.65,1.56,1.43,2.79,1413.73,1567.56,-153.83,1.4,1.6,1,2,2,3.0,2.6,4,0,1,1,0,0,2.0,1.0,
2024-05-12 00:00:00,Marseille,Lorient,3,1,H,1.43,4.9,6.7,1.54,2.48,1511.51,1386.55,124.96,1.4,2.0,1,2,2,0.4,2.6,0,0,5,1,0,0,4.0,2.0,
2024-05-12 00:00:00,Montpellier,Monaco,0,2,A,3.73,4.18,1.85,1.39,2.96,1509.89,1601.81,-91.92,1.6,0.8,3,2,0,2.0,0.8,4,0,1,0,1,0,0.0,2.0,
2024-05-12 00:00:00,Paris SG,Toulouse,1,3,A,1.39,5.52,6.8,1.4,2.96,1662.81,1489.66,173.16,2.8,1.2,3,2,0,1.4,1.2,2,2,1,0,0,1,1.0,1.0,
2024-05-12 00:00:00,Rennes,Lens,1,1,D,2.5,3.48,2.76,1.87,1.95,1506.22,1516.26,-10.04,2.2,2.0,2,0,3,1.2,1.0,2,1,2,0,0,1,1.0,1.0,
2024-05-12 00:00:00,Strasbourg,Metz,2,1,H,2.18,3.6,3.19,1.91,1.91,1450.61,1403.14,47.47,1.0,1.6,1,1,3,1.8,2.0,2,0,3,1,0,0,1.0,0.0,
2024-05-12 00:00:00,Nantes,Lille,1,2,A,3.94,3.49,1.97,2.08,1.76,1432.43,1569.83,-137.4,0.6,1.4,1,2,2,1.8,1.4,3,0,2,0,1,0,0.0,2.0,
2024-05-15 00:00:00,Reims,Marseille,1,0,H,3.22,3.64,2.17,1.68,2.22,1462.9,1521.33,-58.43,0.8,2.0,0,2,3,2.0,1.8,2,2,1,0,1,0,1.0,2.0,
2024-05-15 00:00:00,Nice,Paris SG,1,2,A,2.44,3.73,2.72,1.59,2.39,1533.56,1640.9,-107.35,1.8,0.6,3,2,0,2.6,1.8,2,2,1,1,0,0,3.0,2.0,
2024-05-19 00:00:00,Lorient,Clermont,5,0,H,1.67,4.28,4.63,1.5,2.58,1376.72,1404.96,-28.24,0.6,2.8,0,0,5,1.2,1.6,1,1,3,0,1,0,0.0,1.0,
2024-05-19 00:00:00,Lyon,Strasbourg,2,1,H,1.41,5.1,6.94,1.41,2.9,1576.32,1463.57,112.75,2.6,2.4,4,0,1,1.4,1.8,2,0,3,0,1,0,1.0,2.0,
2024-05-19 00:00:00,Toulouse,Brest,0,3,A,3.86,3.87,1.89,1.65,2.24,1511.57,1565.24,-53.67,2.0,1.4,3,1,1,1.8,2.2,1,2,2,0,0,1,1.0,1.0,
2024-05-19 00:00:00,Reims,Rennes,2,1,H,2.79,3.53,2.46,1.6,2.36,1480.4,1506.65,-26.25,1.0,2.0,1,1,3,2.4,2.0,2,1,2,0,1,0,1.0,3.0,
2024-05-19 00:00:00,Lens,Montpellier,2,2,D,1.43,4.98,6.45,1.43,2.81,1515.82,1498.77,17.06,1.2,1.0,2,1,2,1.2,1.2,2,2,1,0,0,1,0.0,0.0,
2024-05-19 00:00:00,Le Havre,Marseille,1,2,A,4.41,3.72,1.81,1.83,1.99,1416.3,1503.83,-87.53,1.2,1.4,1,1,3,1.8,1.4,2,2,1,0,1,0,0.0,3.0,
2024-05-19 00:00:00,Metz,Paris SG,0,2,A,5.06,4.44,1.6,1.43,2.82,1390.17,1651.41,-261.24,1.4,1.6,2,0,3,2.8,1.8,3,1,1,0,1,0,1.0,3.0,
2024-05-19 00:00:00,Lille,Nice,2,2,D,1.64,4.03,5.18,1.79,2.04,1579.19,1523.05,56.14,1.6,1.4,3,0,2,2.0,1.0,3,1,1,0,0,1,1.0,1.0,
2024-05-19 00:00:00,Monaco,Nantes,4,0,H,1.4,5.25,6.87,1.4,2.92,1612.94,1423.08,189.86,2.2,0.8,4,0,1,0.6,1.2,1,2,2,0,0,1,3.0,3.0,
2024-08-16 00:00:00,Le Havre,Paris SG,1,4,A,7.41,4.86,1.42,1.63,2.33,1405.0,1656.87,-251.86,1.4,1.6,1,1,3,2.4,1.6,3,1,1,0,1,1,1.5,2.5,
2024-08-17 00:00:00,Brest,Marseille,1,5,A,2.88,3.4,2.46,1.87,1.97,1577.94,1515.13,62.8,1.8,1.4,2,2,1,1.8,1.2,3,1,1,1,1,0,0.5,1.0,
2024-08-17 00:00:00,Reims,Lille,0,2,A,3.33,3.41,2.2,1.95,1.88,1496.53,1576.79,-80.25,1.2,1.6,2,1,2,1.8,1.8,2,1,2,1,1,0,1.0,1.0,
2024-08-17 00:00:00,Monaco,St Etienne,1,0,H,1.5,4.64,6.1,1.58,2.42,1620.47,1500.0,120.47,2.6,0.8,4,0,1,0.0,0.0,0,0,0,0,0,0,0.0,0.0,
2024-08-18 00:00:00,Auxerre,Nice,2,1,H,3.14,3.21,2.39,2.19,1.69,1500.0,1525.45,-25.45,0.0,0.0,0,0,0,1.8,1.4,2,2,1,0,0,0,0.0,0.0,
2024-08-18 00:00:00,Angers,Lens,0,1,A,5.35,3.92,1.65,1.88,1.96,1500.0,1515.09,-15.09,0.0,0.0,0,0,0,1.4,1.0,2,2,1,0,0,0,0.0,0.0,
2024-08-18 00:00:00,Montpellier,Strasbourg,1,1,D,2.08,3.39,3.64,1.96,1.87,1499.5,1453.27,46.23,1.4,1.4,2,2,1,1.0,2.0,1,0,4,0,0,2,2.0,2.0,
2024-08-18 00:00:00,Toulouse,Nantes,0,0,D,2.08,3.3,3.75,2.23,1.67,1498.87,1415.54,83.33,1.6,1.8,2,1,2,0.4,2.0,0,2,3,1,1,0,1.5,1.5,
2024-08-18 00:00:00,Rennes,Lyon,3,0,H,2.36,3.45,2.95,1.8,2.03,1490.52,1586.62,-96.1,2.4,2.0,2,1,2,2.2,2.0,4,0,1,1,1,0,1.5,1.5,
2024-08-23 00:00:00,Paris SG,Montpellier,6,0,H,1.23,6.93,11.18,1.32,3.35,1662.57,1497.52,165.05,2.4,1.6,3,1,1,1.2,1.4,1,3,1,2,0,0,4.5,1.0,
2024-08-24 00:00:00,St Etienne,Le Havre,0,2,A,2.09,3.41,3.61,2.1,1.75,1490.0,1399.3,90.7,0.0,1.0,0,0,1,1.6,2.2,1,1,3,0,0,0,0.0,0.0,
2024-08-24 00:00:00,Lille,Angers,2,0,H,1.35,4.87,9.4,1.96,1.87,1588.38,1485.65,102.73,2.2,1.6,3,1,1,0.0,1.0,0,0,1,0,0,0,0.0,0.0,
2024-08-24 00:00:00,Lyon,Monaco,0,2,A,2.51,3.75,2.61,1.5,2.56,1567.57,1630.47,-62.89,2.0,1.8,4,0,1,2.6,0.8,4,0,1,2,0,0,2.0,1.0,
2024-08-25 00:00:00,Lens,Brest,2,0,H,1.79,3.69,4.55,1.98,1.85,1529.44,1560.26,-30.82,1.4,1.0,2,2,1,2.0,2.0,2,2,1,1,1,0,1.5,1.5,
2024-08-25 00:00:00,Nantes,Auxerre,2,0,H,2.28,3.33,3.19,2.05,1.78,1419.07,1516.1,-97.02,0.4,1.4,0,3,2,2.0,1.0,1,0,0,0,0,0,0.0,0.0,
2024-08-25 00:00:00,Nice,Toulouse,1,1,D,1.85,3.56,4.37,2.01,1.82,1509.35,1495.34,14.01,1.6,1.4,2,1,2,1.2,1.4,2,1,2,1,1,0,1.0,1.0,
2024-08-25 00:00:00,Strasbourg,Rennes,3,1,H,3.12,3.5,2.26,1.83,2.01,1455.26,1509.57,-54.31,1.2,2.0,1,1,3,2.4,2.0,2,1,2,1,0,1,1.5,0.5,
2024-08-25 00:00:00,Marseille,Reims,2,2,D,1.55,4.39,5.68,1.63,2.3,1532.82,1484.94,47.88,2.4,1.0,4,0,1,1.0,1.6,2,1,2,1,1,0,1.0,1.0,
2024-08-30 00:00:00,Lyon,Strasbourg,4,3,H,1.88,3.76,4.05,1.72,2.15,1555.26,1472.58,82.67,1.4,1.8,3,0,2,1.6,1.6,2,1,2,1,1,0,1.5,1.5,
2024-08-31 00:00:00,Brest,St Etienne,4,0,H,1.82,3.76,4.31,2.04,1.8,1543.93,1471.17,72.76,1.0,1.6,1,2,2,0.0,1.5,0,0,2,0,0,0,0.0,0.0,
2024-08-31 00:00:00,Montpellier,Nantes,1,3,A,2.28,3.4,3.17,2.01,1.83,1489.15,1438.16,51.0,1.0,2.4,1,2,2,0.6,1.2,1,2,2,0,1,1,0.5,1.5,
2024-08-31 00:00:00,Toulouse,Marseille,1,3,A,3.93,3.7,1.92,1.8,2.04,1495.95,1530.76,-34.82,1.0,1.4,1,2,2,2.4,1.2,3,1,1,0,0,2,1.0,1.0,
2024-09-01 00:00:00,Monaco,Lens,1,1,D,1.86,3.89,3.92,1.58,2.39,1642.78,1545.76,97.01,2.6,0.2,5,0,0,1.6,0.6,3,2,0,2,0,0,3.0,1.0,
2024-09-01 00:00:00,Angers,Nice,1,4,A,4.06,3.36,1.99,2.29,1.64,1474.96,1508.75,-33.79,0.0,1.5,0,0,2,1.2,1.4,1,2,2,0,0,0,0.0,0.0,
2024-09-01 00:00:00,Le Havre,Auxerre,3,1,H,2.77,3.28,2.63,2.15,1.72,1418.13,1497.01,-78.88,1.4,1.6,2,0,3,1.0,1.5,1,0,1,0,0,0,0.0,0.0,
2024-09-01 00:00:00,Lille,Paris SG,1,3,A,4.07,3.74,1.88,1.75,2.11,1599.07,1670.93,-71.86,2.2,1.4,3,1,1,3.0,1.0,4,0,1,0,1,1,1.0,2.0,
2024-09-01 00:00:00,Reims,Rennes,2,1,H,2.92,3.44,2.4,1.8,2.04,1486.99,1492.24,-5.25,1.2,1.2,2,2,1,1.8,1.6,2,1,2,1,1,0,1.5,2.0,
2024-09-13 00:00:00,St Etienne,Lille,1,0,H,5.01,3.68,1.75,1.9,1.93,1459.27,1587.13,-127.86,0.0,2.33,0,0,3,1.8,1.2,3,1,1,0,0,0,0.0,0.0,
2024-09-14 00:00:00,Marseille,Nice,2,0,H,1.76,3.93,4.49,1.73,2.14,1544.26,1522.3,21.97,2.4,1.2,3,1,1,1.8,1.6,1,2,2,0,1,1,1.0,1.5,
2024-09-14 00:00:00,Auxerre,Monaco,0,3,A,3.88,3.89,1.89,1.49,2.62,1478.67,1638.7,-160.03,1.0,2.0,1,0,2,2.0,0.2,4,1,0,0,0,0,0.0,0.0,
2024-09-14 00:00:00,Paris SG,Brest,3,1,H,1.28,6.11,9.73,1.43,2.77,1682.87,1555.83,127.04,3.4,0.6,5,0,0,1.8,1.6,2,1,2,1,0,1,2.5,2.0,
2024-09-15 00:00:00,Rennes,Montpellier,3,0,H,1.63,4.2,5.08,1.64,2.3,1477.01,1471.97,5.05,1.4,1.6,1,1,3,0.8,2.8,0,2,3,1,0,1,1.0,0.5,
2024-09-15 00:00:00,Nantes,Reims,1,2,A,2.39,3.38,3.0,1.95,1.88,1455.34,1502.22,-46.88,1.2,1.4,2,1,2,1.4,1.2,3,1,1,0,1,1,0.0,0.5,
2024-09-15 00:00:00,Strasbourg,Angers,1,1,D,1.71,3.81,5.02,1.93,1.9,1461.09,1461.42,-0.33,2.0,1.8,2,1,2,0.33,2.33,0,0,3,0,0,0,0.0,0.0,
2024-09-15 00:00:00,Toulouse,Le Havre,2,0,H,1.83,3.7,4.38,2.0,1.84,1482.44,1436.48,45.97,1.0,1.6,1,2,2,1.4,1.6,2,0,3,0,2,0,0.5,1.5,
2024-09-15 00:00:00,Lens,Lyon,0,0,D,1.85,3.78,4.12,1.7,2.18,1549.85,1566.75,-16.91,1.4,0.8,2,3,0,1.4,1.8,3,0,2,2,0,0,3.0,1.0,
2024-09-20 00:00:00,Nice,St Etienne,8,0,H,1.54,4.2,6.4,1.9,1.94,1508.24,1479.55,28.69,1.6,1.6,1,2,2,0.25,1.75,1,0,3,0,0,0,0.0,0.0,
2024-09-21 00:00:00,Lille,Strasbourg,3,3,D,1.72,3.9,4.79,1.84,2.0,1566.85,1461.1,105.75,1.4,1.2,2,1,2,1.8,1.8,1,2,2,1,1,0,1.0,1.0,
2024-09-21 00:00:00,Rennes,Lens,1,1,D,2.41,3.33,3.0,2.05,1.79,1491.8,1550.58,-58.78,1.8,1.4,2,0,3,1.2,0.6,2,3,0,0,0,2,1.0,1.0,
2024-09-21 00:00:00,Reims,Paris SG,1,1,D,6.59,4.92,1.44,1.52,2.52,1515.21,1692.62,-177.41,1.6,1.4,3,1,1,3.6,0.6,5,0,0,0,1,1,1.0,2.5,
2024-09-22 00:00:00,Lyon,Marseille,2,3,A,2.98,3.8,2.22,1.56,2.41,1566.02,1558.32,7.71,1.2,1.8,2,1,2,2.8,1.0,4,1,0,1,1,0,0.5,1.5,
2024-09-22 00:00:00,Brest,Toulouse,2,0,H,2.14,3.51,3.38,1.96,1.87,1546.09,1495.47,50.62,1.8,2.0,2,0,3,0.8,1.4,1,2,2,1,0,1,2.0,0.5,
2024-09-22 00:00:00,Angers,Nantes,1,1,D,3.2,3.22,2.36,2.27,1.65,1461.4,1442.35,19.05,0.5,2.0,0,1,3,1.2,1.4,2,1,2,0,0,0,0.0,0.0,
2024-09-22 00:00:00,Montpellier,Auxerre,3,2,H,2.32,3.46,3.06,1.75,2.07,1457.19,1470.12,-12.94,0.8,3.0,0,2,3,0.75,2.25,1,0,3,0,0,0,0.0,0.0,
2024-09-22 00:00:00,Monaco,Le Havre,3,1,H,1.37,5.13,7.99,1.59,2.38,1647.24,1423.45,223.79,2.2,0.2,4,1,0,1.4,1.8,2,0,3,0,0,2,0.5,0.5,
2024-09-27 00:00:00,Auxerre,Brest,3,0,H,2.8,3.37,2.57,1.89,1.94,1454.57,1558.92,-104.35,1.0,2.4,1,0,4,1.6,2.0,2,0,3,0,0,0,0.0,0.0,
2024-09-27 00:00:00,Paris SG,Rennes,3,1,H,1.38,5.12,8.03,1.59,2.4,1685.56,1494.31,191.25,3.4,0.8,4,1,0,1.8,1.2,2,1,2,1,0,1,2.0,1.0,
2024-09-28 00:00:00,Lens,Nice,0,0,D,2.05,3.45,3.72,2.09,1.76,1548.06,1522.01,26.06,1.0,0.4,2,3,0,2.8,1.2,2,1,2,0,2,0,0.5,2.5,
2024-09-28 00:00:00,Le Havre,Lille,0,3,A,4.55,3.71,1.8,2.04,1.81,1416.97,1562.42,-145.45,1.4,2.0,2,0,3,1.6,1.4,2,1,2,0,2,0,0.0,2.5,
2024-09-28 00:00:00,Monaco,Montpellier,2,1,H,1.34,5.59,8.22,1.44,2.79,1653.72,1472.74,180.98,2.0,0.4,4,1,0,1.0,3.0,1,1,3,2,0,0,2.0,0.0,
2024-09-29 00:00:00,Strasbourg,Marseille,1,0,H,3.47,3.84,2.01,1.58,2.35,1465.53,1573.65,-108.12,2.2,2.0,1,3,1,3.0,1.2,4,1,0,0,0,2,1.0,1.0,
2024-09-29 00:00:00,Angers,Reims,1,3,A,3.46,3.27,2.21,2.1,1.75,1460.58,1522.26,-61.68,0.6,1.8,0,2,3,1.4,1.4,2,2,1,0,0,0,0.0,0.0,
2024-09-29 00:00:00,Nantes,St Etienne,2,2,D,1.76,3.73,4.71,1.97,1.86,1443.18,1465.79,-22.61,1.4,0.8,2,2,1,0.2,3.0,1,0,4,0,0,0,0.0,0.0,
2024-09-29 00:00:00,Toulouse,Lyon,1,2,A,2.47,3.49,2.82,1.81,1.99,1482.64,1550.69,-68.05,0.8,1.2,1,2,2,1.2,2.2,1,1,3,0,2,0,1.0,3.0,
2024-10-04 00:00:00,Marseille,Angers,1,1,D,1.23,6.46,12.63,1.52,2.51,1554.13,1448.22,105.91,2.0,1.2,3,1,1,0.8,2.2,0,2,3,0,0,0,0.0,0.0,
2024-10-05 00:00:00,St Etienne,Auxerre,3,1,H,2.74,3.45,2.57,1.89,1.94,1464.81,1473.94,-9.13,0.6,3.2,1,1,3,1.2,2.2,1,0,4,0,0,0,0.0,0.0,
2024-10-05 00:00:00,Lille,Toulouse,2,1,H,1.75,3.96,4.55,1.83,2.02,1571.48,1470.54,100.94,1.8,1.4,2,1,2,1.0,1.6,1,1,3,0,1,1,1.0,2.0,
2024-10-05 00:00:00,Rennes,Monaco,1,2,A,2.7,3.65,2.5,1.63,2.31,1486.82,1661.55,-174.72,1.4,1.8,1,1,3,2.2,0.6,4,1,0,0,2,0,0.5,1.5,
2024-10-06 00:00:00,Nice,Paris SG,1,1,D,4.88,4.0,1.69,1.69,2.17,1523.13,1693.05,-169.92,2.6,0.8,2,2,1,3.2,0.8,4,1,0,1,1,0,2.0,2.0,
2024-10-06 00:00:00,Reims,Montpellier,4,2,H,1.82,3.93,4.13,1.64,2.29,1534.63,1464.92,69.71,2.0,1.2,3,2,0,1.0,3.2,1,0,4,1,1,0,2.0,1.5,
2024-10-06 00:00:00,Brest,Le Havre,2,0,H,1.84,3.54,4.55,2.15,1.72,1539.54,1407.9,131.64,1.4,1.6,2,0,3,1.2,1.8,2,0,3,2,0,0,1.5,0.5,
2024-10-06 00:00:00,Lyon,Nantes,2,0,H,1.8,3.85,4.37,1.76,2.1,1562.79,1444.15,118.64,1.6,1.8,2,1,2,1.8,1.2,2,2,1,2,0,0,2.0,0.5,
2024-10-06 00:00:00,Strasbourg,Lens,2,2,D,2.93,3.43,2.41,1.88,1.94,1485.05,1546.94,-61.89,2.2,1.8,2,2,1,0.8,0.4,1,4,0,0,2,0,0.5,2.0,
2024-10-18 00:00:00,Monaco,Lille,0,0,D,1.93,3.71,3.89,1.7,2.18,1669.58,1582.24,87.34,2.2,0.8,4,1,0,1.8,1.6,2,1,2,1,1,0,0.5,1.0,
2024-10-19 00:00:00,Brest,Rennes,1,1,D,2.93,3.25,2.52,1.99,1.81,1549.12,1478.79,70.33,1.8,1.2,3,0,2,1.4,1.6,1,1,3,1,0,1,2.5,2.0,
2024-10-19 00:00:00,Paris SG,Strasbourg,4,2,H,1.27,6.44,9.77,1.35,3.19,1686.25,1487.7,198.55,2.2,1.0,3,2,0,2.0,2.0,1,3,1,2,0,0,2.5,0.5,
2024-10-19 00:00:00,St Etienne,Lens,0,2,A,5.07,3.85,1.7,1.91,1.92,1480.21,1544.3,-64.09,1.2,3.0,2,1,2,0.8,0.8,0,5,0,0,0,0,0.0,0.0,
2024-10-20 00:00:00,Le Havre,Lyon,0,4,A,3.7,3.62,1.99,1.77,2.08,1398.33,1572.86,-174.53,0.8,2.2,1,0,4,2.0,1.4,3,1,1,1,0,1,1.5,0.5,
2024-10-20 00:00:00,Auxerre,Reims,2,1,H,2.67,3.49,2.59,1.74,2.12,1458.55,1546.66,-88.11,1.4,2.4,1,0,4,2.4,1.2,4,1,0,0,0,0,0.0,0.0,
2024-10-20 00:00:00,Nantes,Nice,1,1,D,3.16,3.17,2.4,2.24,1.67,1434.08,1529.93,-95.85,1.4,1.6,1,2,2,2.6,0.8,2,2,1,2,0,0,1.5,0.5,
2024-10-20 00:00:00,Toulouse,Angers,1,1,D,1.58,3.89,6.17,2.06,1.78,1459.78,1452.65,7.13,1.0,1.8,1,0,4,1.0,2.0,0,3,2,0,0,0,0.0,0.0,
2024-10-20 00:00:00,Montpellier,Marseille,0,5,A,4.26,4.06,1.76,1.54,2.46,1452.89,1549.69,-96.8,1.4,2.8,1,0,4,1.8,1.0,3,1,1,0,1,1,1.0,2.5,
2024-10-25 00:00:00,Rennes,Le Havre,1,0,H,1.49,4.31,7.19,1.92,1.91,1481.78,1390.29,91.5,1.4,1.4,1,2,2,0.2,2.8,0,0,5,1,0,1,1.5,1.0,
2024-10-26 00:00:00,Angers,St Etienne,4,2,H,2.44,3.25,3.05,2.1,1.76,1452.96,1467.94,-14.98,1.0,1.4,0,4,1,1.2,2.6,2,1,2,0,0,0,0.0,0.0,
2024-10-26 00:00:00,Reims,Brest,1,2,A,2.19,3.53,3.26,1.84,2.0,1527.93,1546.12,-18.19,2.2,1.4,3,1,1,1.2,1.4,2,1,2,0,1,1,1.0,1.5,
2024-10-26 00:00:00,Lens,Lille,0,2,A,2.34,3.36,3.1,1.99,1.85,1556.56,1585.93,-29.37,1.0,0.6,1,4,0,1.6,1.0,2,2,1,0,1,1,1.0,1.5,
2024-10-27 00:00:00,Lyon,Auxerre,2,2,D,1.49,4.81,5.83,1.45,2.7,1580.9,1477.27,103.63,2.0,0.8,3,1,1,1.6,2.0,2,0,3,0,0,0,0.0,0.0,
2024-10-27 00:00:00,Montpellier,Toulouse,0,3,A,3.15,3.61,2.2,1.74,2.12,1441.96,1459.47,-17.51,1.2,3.2,1,0,4,1.0,1.4,1,1,3,2,0,0,2.5,0.5,
2024-10-27 00:00:00,Nice,Monaco,2,1,H,3.2,3.48,2.23,1.81,2.03,1525.9,1665.89,-139.99,2.0,0.8,1,3,1,2.0,0.6,4,1,0,1,1,0,1.5,1.5,
2024-10-27 00:00:00,Strasbourg,Nantes,3,1,H,1.88,3.66,4.12,1.88,1.94,1480.44,1438.12,42.32,1.8,2.0,1,3,1,1.0,1.6,0,3,2,1,1,0,2.0,1.5,
2024-10-27 00:00:00,Marseille,Paris SG,0,3,A,3.65,3.92,1.93,1.51,2.54,1560.62,1693.5,-132.89,2.2,0.8,3,1,1,2.4,1.2,3,2,0,0,2,0,0.0,3.0,
2024-11-01 00:00:00,Monaco,Angers,0,1,A,1.21,7.06,13.02,1.42,2.86,1645.15,1468.61,176.54,1.6,1.0,3,1,1,1.6,1.6,1,3,1,0,0,0,0.0,0.0,
2024-11-01 00:00:00,Lille,Lyon,1,1,D,2.19,3.71,3.14,1.62,2.33,1599.67,1576.55,23.12,2.0,0.8,3,2,0,2.4,1.2,3,1,1,1,1,0,2.5,2.0,
2024-11-02 00:00:00,St Etienne,Strasbourg,2,0,H,3.57,3.77,1.97,1.65,2.27,1452.3,1493.63,-41.33,1.4,3.4,1,1,3,2.2,2.0,2,2,1,0,0,0,0.0,0.0,
2024-11-02 00:00:00,Brest,Nice,0,1,A,2.67,3.18,2.79,2.18,1.7,1560.34,1546.63,13.7,1.4,1.0,3,1,1,2.4,0.6,2,3,0,0,0,2,0.0,0.0,
2024-11-02 00:00:00,Paris SG,Lens,1,0,H,1.43,4.94,6.95,1.54,2.48,1703.03,1542.83,160.2,2.4,1.0,3,2,0,1.0,1.0,1,3,1,2,0,0,2.5,0.5,
2024-11-03 00:00:00,Toulouse,Reims,1,0,H,2.07,3.52,3.55,1.89,1.94,1473.72,1513.72,-40.0,1.2,1.4,1,1,3,2.0,1.6,2,1,2,1,0,1,2.0,1.5,
2024-11-03 00:00:00,Auxerre,Rennes,4,0,H,3.45,3.57,2.09,1.79,2.06,1481.62,1492.92,-11.31,2.0,1.8,2,1,2,1.0,1.4,1,2,2,0,0,0,0.0,0.0,
2024-11-03 00:00:00,Le Havre,Montpellier,1,0,H,2.21,3.44,3.26,1.86,1.97,1379.15,1427.72,-48.57,0.2,2.6,0,0,5,1.2,3.2,1,0,4,0,1,1,1.0,2.0,
2024-11-03 00:00:00,Nantes,Marseille,1,2,A,3.74,3.52,2.01,1.93,1.9,1424.94,1551.09,-126.15,1.0,1.8,0,3,2,1.8,1.4,2,1,2,0,1,1,0.5,1.5,
2024-11-08 00:00:00,Marseille,Auxerre,1,3,A,1.4,5.12,7.36,1.5,2.59,1560.87,1497.1,63.77,1.6,1.2,2,1,2,2.4,1.2,3,1,1,0,0,0,0.0,0.0,
2024-11-09 00:00:00,Strasbourg,Monaco,1,3,A,3.48,3.76,2.03,1.56,2.41,1476.85,1623.12,-146.27,1.6,1.8,2,1,2,1.0,1.0,2,1,2,0,2,0,0.0,2.0,
2024-11-09 00:00:00,Angers,Paris SG,2,4,A,11.59,6.49,1.24,1.4,2.89,1490.63,1711.56,-220.93,1.6,1.4,2,2,1,2.4,0.8,4,1,0,0,0,0,0.0,0.0,
2024-11-09 00:00:00,Lens,Nantes,3,2,H,1.61,3.94,5.86,2.02,1.82,1534.29,1415.16,119.13,0.8,1.0,1,2,2,1.0,2.0,0,2,3,2,0,0,2.5,0.0,
2024-11-10 00:00:00,Nice,Lille,2,2,D,2.52,3.26,2.9,2.09,1.76,1562.22,1598.67,-36.45,1.0,0.6,2,3,0,1.6,0.4,3,2,0,0,0,2,1.5,1.5,
2024-11-10 00:00:00,Montpellier,Brest,3,1,H,3.27,3.51,2.18,1.79,2.05,1410.64,1544.74,-134.11,0.6,3.0,0,0,5,1.0,1.2,2,1,2,0,2,0,0.5,2.5,
2024-11-10 00:00:00,Rennes,Toulouse,0,2,A,2.18,3.38,3.4,2.05,1.79,1477.44,1490.44,-13.0,0.8,2.0,1,1,3,1.4,1.0,2,1,2,0,1,1,0.5,1.0,
2024-11-10 00:00:00,Lyon,St Etienne,1,0,H,1.35,5.53,7.82,1.4,2.9,1577.55,1469.07,108.48,2.2,0.8,3,2,0,1.8,1.8,2,1,2,0,0,0,0.0,0.0,
2024-11-10 00:00:00,Le Havre,Reims,0,3,A,3.28,3.27,2.28,2.07,1.77,1396.23,1497.0,-100.77,0.2,2.0,1,0,4,1.8,1.6,2,0,3,0,2,0,0.5,1.5,
2024-11-22 00:00:00,Monaco,Brest,3,2,H,1.52,4.38,6.3,1.75,2.12,1632.16,1524.23,107.93,1.2,1.0,2,1,2,1.2,1.2,2,1,2,2,0,0,2.0,0.0,
2024-11-22 00:00:00,Paris SG,Toulouse,3,0,H,1.36,5.4,7.89,1.48,2.63,1718.13,1504.88,213.26,2.6,1.0,4,1,0,1.6,0.6,3,1,1,0,1,1,1.0,2.0,
2024-11-23 00:00:00,Lens,Marseille,1,3,A,2.3,3.5,3.06,1.75,2.1,1544.34,1543.15,1.19,1.4,1.4,2,1,2,1.8,1.6,2,1,2,1,1,0,1.0,1.0,
2024-11-23 00:00:00,St Etienne,Montpellier,1,0,H,2.37,3.48,2.97,1.71,2.16,1458.61,1431.15,27.45,1.4,1.6,2,0,3,1.0,2.8,1,0,4,0,0,0,0.0,0.0,
2024-11-23 00:00:00,Reims,Lyon,1,1,D,2.81,3.67,2.39,1.59,2.38,1507.77,1588.01,-80.25,1.8,1.4,2,0,3,2.0,0.6,3,2,0,1,0,1,1.5,0.5,
2024-11-24 00:00:00,Lille,Rennes,1,0,H,1.93,3.52,4.03,1.88,1.94,1597.11,1463.0,134.11,1.4,0.8,2,3,0,0.6,1.8,1,1,3,0,0,2,2.0,2.0,
2024-11-24 00:00:00,Auxerre,Angers,1,0,H,1.81,3.72,4.36,1.78,2.06,1514.83,1484.06,30.76,2.4,1.4,3,1,1,1.8,1.6,2,2,1,0,0,0,0.0,0.0,
2024-11-24 00:00:00,Nantes,Le Havre,0,2,A,1.9,3.31,4.54,2.35,1.6,1405.11,1385.47,19.64,1.0,2.2,0,1,4,0.2,2.0,1,0,4,1,0,1,0.5,0.0,
2024-11-24 00:00:00,Nice,Strasbourg,2,1,H,1.81,3.73,4.37,1.79,2.04,1563.79,1467.82,95.98,1.4,1.0,2,3,0,1.6,2.4,1,1,3,2,0,0,2.5,0.5,
2024-11-29 00:00:00,Reims,Lens,0,2,A,3.14,3.32,2.34,1.96,1.87,1511.17,1529.29,-18.12,1.2,1.2,1,1,3,1.2,1.6,2,0,3,0,1,1,0.5,1.5,
2024-11-30 00:00:00,Rennes,St Etienne,5,0,H,1.48,4.56,6.54,1.76,2.09,1453.51,1472.43,-18.91,0.4,1.6,1,1,3,1.0,1.4,2,0,3,0,0,0,0.0,0.0,
2024-11-30 00:00:00,Brest,Strasbourg,3,1,H,2.23,3.49,3.2,1.88,1.94,1513.74,1456.86,56.88,1.2,1.8,1,1,3,1.4,2.4,1,0,4,1,0,1,2.0,0.5,
2024-11-30 00:00:00,Paris SG,Nantes,1,1,D,1.21,7.07,12.18,1.41,2.89,1724.93,1389.26,335.67,3.0,0.8,5,0,0,1.0,2.2,0,1,4,2,0,0,2.0,0.5,
2024-12-01 00:00:00,Toulouse,Auxerre,2,0,H,1.71,3.86,4.86,1.75,2.1,1498.08,1528.5,-30.42,1.4,0.8,3,1,1,2.4,0.8,4,1,0,0,0,0,0.0,0.0,
2024-12-01 00:00:00,Montpellier,Lille,2,2,D,4.26,3.69,1.83,1.72,2.14,1417.34,1606.59,-189.25,0.6,2.2,1,0,4,1.2,0.6,2,3,0,0,1,1,0.0,0.5,
2024-12-01 00:00:00,Le Havre,Angers,0,1,A,2.3,3.16,3.34,2.21,1.68,1401.31,1470.39,-69.08,0.6,1.6,2,0,3,1.6,1.6,2,1,2,0,0,0,0.0,0.0,
2024-12-01 00:00:00,Marseille,Monaco,2,1,H,2.61,3.59,2.58,1.59,2.39,1558.2,1642.64,-84.44,2.2,1.6,3,0,2,1.4,1.2,2,1,2,0,1,1,2.0,2.5,
2024-12-01 00:00:00,Lyon,Nice,4,1,H,1.94,3.79,3.69,1.65,2.21,1584.61,1574.75,9.86,1.8,0.8,2,3,0,1.6,1.0,3,2,0,1,0,1,0.5,0.0,
2024-12-06 00:00:00,Lille,Brest,3,1,H,1.67,3.74,5.59,2.07,1.78,1599.14,1526.31,72.83,1.6,1.0,2,3,0,1.6,1.8,2,0,3,1,0,1,1.0,0.5,
2024-12-06 00:00:00,Auxerre,Paris SG,0,0,D,8.86,5.88,1.31,1.37,3.11,1512.19,1713.73,-201.53,2.0,1.0,3,1,1,2.4,0.6,4,1,0,0,0,0,0.0,0.0,
2024-12-07 00:00:00,Monaco,Toulouse,2,0,H,1.71,3.97,4.76,1.7,2.17,1624.07,1514.39,109.68,1.6,1.6,2,0,3,1.6,0.6,4,0,1,1,1,0,1.5,1.5,
2024-12-07 00:00:00,Nice,Le Havre,2,1,H,1.6,3.92,6.04,1.95,1.88,1560.18,1389.26,170.92,1.6,1.6,3,1,1,0.6,1.0,2,0,3,1,1,0,1.0,1.5,
2024-12-07 00:00:00,Angers,Lyon,0,3,A,4.82,4.15,1.67,1.59,2.37,1482.45,1599.18,-116.74,1.6,1.4,3,0,2,1.8,1.0,2,3,0,0,0,0,0.0,0.0,
2024-12-08 00:00:00,Lens,Montpellier,2,0,H,1.36,5.15,8.4,1.58,2.4,1543.51,1424.79,118.72,1.2,1.6,2,0,3,1.0,1.6,1,1,3,0,0,2,1.0,1.0,
2024-12-08 00:00:00,Nantes,Rennes,1,0,H,3.04,3.16,2.47,2.19,1.68,1400.47,1469.33,-68.87,1.0,2.2,0,1,4,1.2,1.4,2,0,3,0,2,0,0.5,3.0,
2024-12-08 00:00:00,Strasbourg,Reims,0,0,D,2.38,3.46,2.92,1.74,2.11,1444.29,1496.95,-52.66,1.2,2.2,1,0,4,1.0,1.2,1,1,3,1,1,0,2.0,1.5,
2024-12-08 00:00:00,St Etienne,Marseille,0,2,A,5.02,4.03,1.66,1.73,2.12,1456.61,1576.77,-120.16,1.0,2.0,2,0,3,1.6,1.8,3,0,2,0,0,0,0.0,0.0,
2024-12-13 00:00:00,Toulouse,St Etienne,2,1,H,1.38,4.92,8.38,1.71,2.17,1503.97,1446.6,57.37,1.0,1.0,3,0,2,0.6,1.6,2,0,3,0,0,0,0.0,0.0,
2024-12-14 00:00:00,Reims,Monaco,0,0,D,3.63,3.6,2.02,1.71,2.15,1494.7,1634.48,-139.79,0.8,0.8,1,2,2,1.8,1.2,3,0,2,1,1,0,2.0,2.0,
2024-12-14 00:00:00,Auxerre,Lens,2,2,D,3.86,3.55,1.96,1.87,1.96,1520.03,1553.57,-33.54,1.6,0.6,3,1,1,1.6,1.2,3,0,2,0,0,0,0.0,0.0,
2024-12-14 00:00:00,Marseille,Lille,1,1,D,2.17,3.47,3.34,1.86,1.96,1586.78,1611.04,-24.26,2.0,1.2,4,0,1,1.8,1.2,2,3,0,0,1,1,0.5,1.5,
2024-12-15 00:00:00,Montpellier,Nice,2,2,D,2.93,3.5,2.35,1.75,2.09,1414.72,1568.34,-153.62,1.0,1.4,1,1,3,1.6,1.6,3,1,1,1,0,1,1.0,0.5,
2024-12-15 00:00:00,Brest,Nantes,4,1,H,2.09,3.32,3.67,2.24,1.65,1514.41,1418.4,96.01,1.4,2.2,1,0,4,1.0,1.6,1,1,3,1,0,1,1.0,0.0,
2024-12-15 00:00:00,Le Havre,Strasbourg,0,3,A,3.03,3.21,2.44,1.99,1.83,1381.09,1446.55,-65.46,0.8,1.2,2,0,3,0.6,2.0,0,1,4,1,1,0,2.0,1.5,
2024-12-15 00:00:00,Rennes,Angers,2,0,H,1.62,3.93,5.45,1.93,1.88,1451.4,1472.3,-20.91,1.0,1.6,1,0,4,0.8,1.6,2,0,3,0,0,0,0.0,0.0,
2024-12-15 00:00:00,Paris SG,Lyon,3,1,H,1.4,5.44,6.45,1.29,3.48,1705.89,1609.32,96.56,1.8,0.6,3,2,0,2.0,0.6,3,2,0,2,0,0,4.0,1.0,
2024-12-18 00:00:00,Monaco,Paris SG,2,4,A,3.81,3.87,1.89,1.53,2.48,1628.75,1716.82,-88.07,1.8,1.0,3,1,1,2.2,0.8,3,2,0,0,1,1,1.0,2.5,
2025-01-03 00:00:00,Nice,Rennes,3,2,H,2.19,3.35,3.39,1.94,1.87,1562.11,1467.3,94.81,1.8,2.0,2,2,1,1.4,0.8,2,0,3,1,1,0,1.0,1.0,
2025-01-04 00:00:00,Lyon,Montpellier,1,0,H,1.33,5.49,8.2,1.39,2.93,1598.39,1420.95,177.44,2.0,1.0,3,1,1,1.4,1.6,1,2,2,1,1,0,1.5,2.5,
2025-01-04 00:00:00,St Etienne,Reims,3,1,H,3.5,3.36,2.13,1.99,1.83,1434.06,1500.42,-66.37,0.4,2.0,1,0,4,0.8,0.6,1,3,1,0,0,0,0.0,0.0,
2025-01-04 00:00:00,Lille,Nantes,1,1,D,1.53,4.16,6.35,1.93,1.87,1609.99,1407.44,202.55,1.8,1.2,2,3,0,1.0,2.0,1,1,3,2,0,0,2.0,0.5,
2025-01-05 00:00:00,Strasbourg,Auxerre,3,1,H,1.87,3.72,3.98,1.68,2.17,1458.76,1521.48,-62.72,1.2,1.6,1,1,3,1.2,1.0,2,2,1,0,0,0,0.0,0.0,
2025-01-05 00:00:00,Marseille,Le Havre,5,1,H,1.3,5.48,9.62,1.62,2.28,1587.83,1368.89,218.94,1.8,1.2,3,1,1,0.6,1.8,1,0,4,2,0,0,2.5,0.5,
2025-01-05 00:00:00,Angers,Brest,2,0,H,3.21,3.22,2.31,2.17,1.68,1456.4,1525.36,-68.96,0.6,2.0,1,0,4,2.2,2.2,2,0,3,0,0,0,0.0,0.0,
2025-01-05 00:00:00,Lens,Toulouse,0,1,A,1.94,3.48,4.0,2.01,1.8,1552.13,1516.52,35.61,2.0,1.4,3,1,1,1.2,1.2,3,0,2,2,0,0,2.0,0.5,
2025-01-10 00:00:00,Nantes,Monaco,2,2,D,4.76,3.75,1.74,1.87,1.95,1415.32,1617.48,-202.16,0.8,1.6,1,2,2,1.6,1.6,2,1,2,0,1,1,1.5,3.5,
2025-01-10 00:00:00,Auxerre,Lille,0,0,D,4.61,3.74,1.76,1.78,2.04,1503.8,1602.12,-98.32,0.8,1.4,1,2,2,1.6,1.0,2,3,0,0,0,0,0.0,0.0,
2025-01-11 00:00:00,Brest,Lyon,2,1,H,3.06,3.55,2.25,1.7,2.15,1507.42,1606.33,-98.91,2.0,2.0,2,0,3,2.0,1.0,3,1,1,1,1,0,2.0,2.0,
2025-01-11 00:00:00,Reims,Nice,2,4,A,2.64,3.42,2.63,1.79,2.03,1482.59,1573.11,-90.52,0.4,1.2,0,3,2,2.0,2.0,3,1,1,0,1,1,0.5,1.0,
2025-01-11 00:00:00,Rennes,Marseille,1,2,A,2.99,3.3,2.4,1.92,1.88,1456.29,1594.46,-138.16,1.8,1.0,2,0,3,2.6,0.8,4,1,0,1,1,0,1.0,1.0,
2025-01-12 00:00:00,Paris SG,St Etienne,2,1,H,1.09,11.39,22.98,1.22,4.12,1728.1,1451.89,276.21,2.2,0.8,3,2,0,1.0,2.0,2,0,3,0,0,0,0.0,0.0,
2025-01-12 00:00:00,Montpellier,Angers,1,3,A,2.1,3.46,3.45,1.89,1.91,1413.01,1474.34,-61.33,0.8,1.6,0,2,3,0.6,1.2,2,0,3,0,0,0,0.0,0.0,
2025-01-12 00:00:00,Le Havre,Lens,1,2,A,5.53,3.77,1.65,2.01,1.81,1362.26,1535.6,-173.34,0.8,2.2,1,0,4,1.4,1.2,2,1,2,0,0,2,0.5,0.5,
2025-01-12 00:00:00,Toulouse,Strasbourg,1,2,A,1.77,3.82,4.43,1.78,2.05,1533.05,1476.43,56.62,1.0,1.2,3,0,2,1.6,1.2,2,1,2,0,1,1,0.0,1.0,
2025-01-17 00:00:00,Montpellier,Monaco,2,1,H,5.3,4.47,1.57,1.46,2.66,1400.63,1609.61,-208.98,1.0,2.0,0,2,3,1.4,1.6,1,2,2,0,3,0,0.33,2.0,
2025-01-17 00:00:00,Lille,Nice,2,1,H,2.05,3.45,3.7,1.93,1.88,1597.99,1584.29,13.69,1.4,1.0,1,4,0,2.4,2.2,3,1,1,0,0,3,1.67,1.67,
2025-01-18 00:00:00,Lens,Paris SG,1,2,A,4.34,4.12,1.72,1.52,2.49,1543.68,1733.18,-189.5,1.6,0.8,3,1,1,2.0,1.0,3,2,0,0,3,0,0.33,2.0,
2025-01-18 00:00:00,Rennes,Brest,1,2,A,2.01,3.36,3.88,2.14,1.7,1446.96,1526.58,-79.62,2.0,1.2,2,0,3,2.0,1.6,3,0,2,0,1,2,1.67,2.0,
2025-01-18 00:00:00,Lyon,Toulouse,0,0,D,1.85,3.85,3.96,1.69,2.15,1587.17,1515.63,71.55,2.0,1.2,3,0,2,1.2,1.0,3,0,2,3,0,0,2.67,1.0,
2025-01-19 00:00:00,Marseille,Strasbourg,1,1,D,1.57,4.32,5.35,1.6,2.33,1603.79,1493.86,109.93,2.4,0.8,4,1,0,1.8,1.0,3,1,1,0,1,2,0.67,1.0,
2025-01-19 00:00:00,St Etienne,Nantes,1,1,D,2.52,3.22,2.88,2.08,1.75,1446.81,1423.18,23.63,1.0,2.4,1,0,4,1.2,1.6,1,3,1,0,0,1,2.0,2.0,
2025-01-19 00:00:00,Angers,Auxerre,2,0,H,2.44,3.25,2.95,2.01,1.81,1486.72,1507.93,-21.21,1.2,1.2,3,0,2,0.6,1.4,0,3,2,0,1,0,0.0,1.0,
2025-01-19 00:00:00,Reims,Le Havre,1,1,D,1.64,3.9,5.3,1.95,1.87,1471.42,1354.18,117.24,0.6,1.8,0,2,3,0.6,2.6,0,0,5,3,0,0,2.0,0.33,
2025-01-24 00:00:00,Auxerre,St Etienne,1,1,D,1.94,3.66,3.83,1.8,2.03,1492.02,1445.79,46.23,0.6,1.4,0,3,2,1.2,1.6,1,1,3,0,1,0,1.0,3.0,
2025-01-25 00:00:00,Monaco,Rennes,3,2,H,1.73,3.94,4.61,1.71,2.12,1586.54,1435.34,151.2,1.4,1.6,1,2,2,1.2,1.6,1,0,4,3,0,0,1.67,0.67,
2025-01-25 00:00:00,Strasbourg,Lille,2,1,H,2.8,3.38,2.5,1.88,1.93,1498.45,1612.4,-113.94,1.8,0.6,3,2,0,1.4,0.8,2,3,0,1,1,1,1.67,1.67,
2025-01-25 00:00:00,Paris SG,Reims,1,1,D,1.24,6.58,10.49,1.42,2.82,1740.72,1466.54,274.19,2.2,1.0,4,1,0,0.8,1.6,0,3,2,1,0,2,2.0,1.0,
2025-01-26 00:00:00,Le Havre,Brest,0,1,A,3.28,3.11,2.34,2.33,1.6,1359.05,1538.2,-179.15,0.8,2.6,0,1,4,1.8,1.6,3,0,2,0,3,0,0.33,1.67,
2025-01-26 00:00:00,Lens,Angers,1,0,H,1.44,4.55,7.13,1.79,2.03,1536.13,1502.64,33.5,1.4,1.2,2,1,2,1.4,1.2,3,0,2,1,0,0,1.0,0.0,
2025-01-26 00:00:00,Nantes,Lyon,1,1,D,3.34,3.51,2.13,1.81,2.01,1424.19,1584.13,-159.93,1.2,1.6,1,3,1,1.2,1.0,2,1,2,0,3,0,0.33,2.0,
2025-01-26 00:00:00,Toulouse,Montpellier,1,2,A,1.63,4.03,5.27,1.72,2.13,1518.67,1423.7,94.97,0.8,1.0,2,1,2,1.0,1.8,1,1,3,1,2,0,1.33,1.67,
2025-01-26 00:00:00,Nice,Marseille,2,0,H,2.85,3.52,2.4,1.71,2.14,1569.88,1599.19,-29.31,2.4,1.8,3,1,1,2.2,0.8,3,2,0,1,1,1,1.0,1.33,
2025-01-31 00:00:00,Montpellier,Lens,0,2,A,4.29,3.7,1.83,1.79,2.05,1442.7,1549.69,-106.99,1.4,1.6,2,1,2,1.2,1.2,2,1,2,0,1,2,0.67,1.33,
2025-02-01 00:00:00,Brest,Paris SG,2,5,A,6.58,4.82,1.44,1.54,2.42,1546.09,1730.85,-184.76,1.8,1.0,4,0,1,2.4,1.2,4,1,0,0,2,1,1.67,2.67,
2025-02-01 00:00:00,Monaco,Auxerre,4,2,H,1.34,5.48,8.05,1.45,2.68,1595.4,1490.03,105.36,1.6,2.0,1,2,2,0.8,1.6,0,3,2,1,0,0,3.0,0.0,
2025-02-01 00:00:00,Lille,St Etienne,4,1,H,1.4,4.74,7.75,1.81,2.02,1592.64,1447.77,144.87,1.0,1.0,1,3,1,1.4,1.4,1,2,2,0,1,0,0.0,1.0,
2025-02-02 00:00:00,Rennes,Strasbourg,1,0,H,2.08,3.47,3.53,1.92,1.9,1426.48,1518.2,-91.72,1.6,2.0,1,0,4,2.2,0.8,4,1,0,0,2,1,0.67,2.0,
2025-02-02 00:00:00,Angers,Le Havre,1,1,D,1.98,3.34,3.98,2.24,1.65,1489.08,1351.17,137.91,1.4,0.8,3,0,2,0.6,2.4,0,1,4,1,0,0,1.0,0.0,
2025-02-02 00:00:00,Marseille,Lyon,3,2,H,2.04,3.77,3.38,1.58,2.37,1582.93,1577.67,5.26,1.8,1.2,2,2,1,0.8,1.2,1,2,2,2,1,0,2.0,1.0,
2025-02-02 00:00:00,Reims,Nantes,1,2,A,2.15,3.38,3.43,2.05,1.77,1476.41,1430.65,45.76,1.0,1.8,0,3,2,1.2,1.8,0,4,1,2,0,1,1.0,0.33,
2025-02-02 00:00:00,Toulouse,Nice,1,1,D,2.51,3.33,2.82,1.91,1.9,1499.67,1586.15,-86.47,1.0,1.0,2,1,2,2.4,1.6,3,1,1,1,1,1,1.0,1.0,
2025-02-07 00:00:00,Nantes,Brest,0,2,A,2.44,3.19,3.09,2.22,1.68,1447.61,1538.39,-90.78,1.4,1.2,1,4,0,1.4,1.8,3,0,2,0,2,1,0.33,2.0,
2025-02-07 00:00:00,Paris SG,Monaco,4,1,H,1.4,5.46,6.79,1.32,3.34,1738.55,1605.98,132.57,2.8,1.4,4,1,0,2.4,2.4,2,1,2,2,0,1,3.0,1.33,
2025-02-08 00:00:00,Nice,Lens,2,0,H,2.36,3.41,3.01,1.87,1.95,1582.49,1560.21,22.27,2.2,1.4,3,1,1,1.2,0.8,3,0,2,2,0,1,1.67,0.33,
2025-02-08 00:00:00,Lille,Le Havre,1,2,A,1.35,5.05,9.17,1.83,2.01,1601.73,1356.83,244.9,1.6,1.0,2,2,1,0.8,2.0,0,2,3,3,0,0,2.67,0.0,
2025-02-08 00:00:00,St Etienne,Rennes,0,2,A,3.37,3.35,2.2,2.03,1.81,1438.69,1445.36,-6.67,1.4,1.8,1,2,2,1.4,2.0,1,0,4,0,1,0,0.0,5.0,
2025-02-09 00:00:00,Lyon,Reims,4,0,H,1.52,4.6,5.69,1.54,2.47,1562.9,1459.44,103.46,1.0,1.2,1,2,2,1.2,2.2,0,2,3,0,1,2,0.67,1.33,
2025-02-09 00:00:00,Auxerre,Toulouse,2,2,D,3.04,3.38,2.33,1.97,1.85,1479.45,1503.33,-23.88,0.8,2.0,0,2,3,0.8,1.0,1,2,2,0,1,0,0.0,2.0,
2025-02-09 00:00:00,Strasbourg,Montpellier,2,0,H,1.79,3.93,4.15,1.72,2.15,1499.33,1432.18,67.15,1.6,1.0,3,1,1,1.0,1.6,2,0,3,0,0,3,1.67,1.67,
2025-02-09 00:00:00,Angers,Marseille,0,2,A,5.3,4.05,1.63,1.83,2.01,1483.42,1597.7,-114.29,1.6,0.6,3,1,1,2.2,1.4,3,1,1,0,0,1,1.0,1.0,
2025-02-14 00:00:00,Brest,Auxerre,2,2,D,2.26,3.28,3.38,2.04,1.81,1549.56,1480.48,69.08,1.8,1.4,4,0,1,1.0,1.8,0,3,2,0,1,0,0.0,3.0,
2025-02-15 00:00:00,Toulouse,Paris SG,0,1,A,5.97,4.71,1.49,1.52,2.51,1502.3,1748.09,-245.79,1.0,1.4,0,3,2,2.8,1.2,4,1,0,1,1,1,1.33,1.67,
2025-02-15 00:00:00,Monaco,Nantes,7,1,H,1.56,4.33,5.68,1.65,2.27,1596.44,1436.45,160.0,2.2,2.4,2,1,2,1.2,1.4,1,3,1,1,0,2,3.0,1.67,
2025-02-15 00:00:00,Marseille,St Etienne,5,1,H,1.27,6.18,10.0,1.45,2.72,1607.94,1423.97,183.97,1.6,1.2,3,1,1,0.8,2.0,0,2,3,1,0,0,2.0,0.0,
2025-02-16 00:00:00,Montpellier,Lyon,1,4,A,4.79,4.37,1.64,1.49,2.59,1420.05,1573.56,-153.52,1.0,1.8,2,0,3,1.6,1.2,1,2,2,1,2,0,1.67,1.33,
2025-02-16 00:00:00,Le Havre,Nice,1,3,A,5.18,3.96,1.65,1.84,1.99,1380.94,1596.53,-215.59,1.0,1.2,1,2,2,2.0,1.0,3,1,1,1,2,0,1.33,1.33,
2025-02-16 00:00:00,Lens,Strasbourg,0,2,A,1.76,3.91,4.39,1.74,2.13,1546.17,1511.47,34.71,1.2,1.0,3,0,2,1.4,0.8,3,1,1,2,0,1,2.0,1.0,
2025-02-16 00:00:00,Reims,Angers,0,1,A,1.99,3.44,3.85,2.01,1.83,1448.78,1473.18,-24.4,1.0,2.4,0,2,3,1.2,1.0,2,1,2,1,0,0,3.0,1.0,
2025-02-16 00:00:00,Rennes,Lille,0,2,A,2.64,3.31,2.7,2.0,1.84,1460.07,1577.62,-117.55,1.4,1.4,2,0,3,1.6,1.2,2,1,2,0,1,2,1.33,1.67,
2025-02-21 00:00:00,Rennes,Reims,1,0,H,2.13,3.46,3.5,1.99,1.87,1449.96,1434.83,15.12,1.2,1.4,2,0,3,0.6,1.8,0,2,3,1,2,0,1.67,1.67,
2025-02-22 00:00:00,Lille,Monaco,2,1,H,2.17,3.72,3.13,1.63,2.32,1587.73,1604.99,-17.26,2.0,1.2,3,0,2,3.2,2.2,3,0,2,1,1,1,0.67,0.33,
2025-02-22 00:00:00,St Etienne,Angers,3,3,D,2.4,3.29,3.05,2.06,1.79,1416.25,1487.13,-70.88,0.8,2.6,0,2,3,0.8,0.8,2,1,2,0,1,0,2.0,4.0,
2025-02-22 00:00:00,Auxerre,Marseille,3,0,H,5.59,4.4,1.55,1.62,2.33,1483.42,1615.67,-132.24,1.4,2.2,0,3,2,2.2,1.2,3,1,1,1,0,0,3.0,1.0,
2025-02-23 00:00:00,Nice,Montpellier,2,0,H,1.37,5.23,7.62,1.48,2.63,1603.25,1411.27,191.98,1.8,0.8,3,1,1,1.0,2.0,2,0,3,0,1,2,1.0,1.33,
2025-02-23 00:00:00,Le Havre,Toulouse,1,4,A,3.91,3.46,1.97,2.08,1.77,1374.21,1496.44,-122.22,1.0,1.4,1,2,2,0.8,1.2,0,3,2,2,1,0,1.0,1.0,
2025-02-23 00:00:00,Lyon,Paris SG,2,3,A,4.25,4.26,1.72,1.4,2.91,1582.33,1753.96,-171.62,2.2,1.0,2,2,1,2.6,1.0,4,1,0,0,3,0,1.0,3.67,
2025-02-23 00:00:00,Strasbourg,Brest,0,0,D,1.99,3.61,3.67,1.81,2.03,1527.96,1546.61,-18.65,1.4,0.6,3,1,1,1.8,1.6,3,1,1,0,2,1,0.67,2.33,
2025-02-23 00:00:00,Nantes,Lens,3,1,H,3.6,3.41,2.08,2.02,1.81,1427.9,1529.68,-101.78,1.0,2.4,1,2,2,0.8,1.2,2,0,3,0,3,0,0.67,2.67,
2025-02-28 00:00:00,Monaco,Reims,3,0,H,1.38,5.24,7.85,1.46,2.71,1589.24,1420.49,168.76,3.2,2.2,3,0,2,0.4,1.8,0,1,4,1,1,1,1.33,1.33,
2025-03-01 00:00:00,St Etienne,Nice,1,3,A,4.69,4.13,1.69,1.63,2.31,1419.27,1610.72,-191.45,1.2,3.0,0,2,3,2.0,0.4,4,1,0,0,1,0,0.0,8.0,
2025-03-01 00:00:00,Lens,Le Havre,3,4,A,1.37,4.98,8.23,1.69,2.19,1510.41,1364.28,146.12,0.8,1.4,2,0,3,1.0,2.0,1,1,3,1,0,2,1.0,0.67,
2025-03-01 00:00:00,Paris SG,Lille,4,1,H,1.39,5.18,7.34,1.47,2.66,1762.1,1603.47,158.62,2.8,1.2,4,1,0,2.0,1.2,3,0,2,2,0,1,2.33,1.0,
2025-03-02 00:00:00,Lyon,Brest,2,1,H,1.66,4.09,4.92,1.68,2.22,1574.19,1545.81,28.38,2.6,1.6,2,1,2,1.4,1.4,2,2,1,1,2,0,1.67,2.0,
2025-03-02 00:00:00,Angers,Toulouse,0,4,A,3.24,3.21,2.32,2.3,1.63,1484.11,1506.37,-22.26,1.0,1.4,1,2,2,1.6,1.4,1,2,2,0,0,1,1.0,1.0,
2025-03-02 00:00:00,Auxerre,Strasbourg,0,1,A,2.83,3.33,2.52,1.83,2.01,1503.87,1528.77,-24.89,2.0,1.8,1,3,1,1.2,0.4,3,1,1,0,1,0,1.0,3.0,
2025-03-02 00:00:00,Montpellier,Rennes,0,4,A,3.49,3.49,2.09,1.82,2.01,1403.81,1464.3,-60.5,0.6,2.2,1,0,4,1.2,1.0,3,0,2,0,2,1,0.33,1.67,
2025-03-02 00:00:00,Marseille,Nantes,2,0,H,1.4,5.03,7.29,1.6,2.36,1595.22,1447.18,148.04,2.0,1.6,3,0,2,1.4,2.4,2,1,2,2,0,1,1.67,0.67,
2025-03-07 00:00:00,Toulouse,Monaco,1,1,D,3.28,3.6,2.15,1.72,2.14,1520.41,1597.48,-77.07,2.2,1.0,2,2,1,3.2,1.8,3,0,2,1,2,0,1.0,1.67,
2025-03-08 00:00:00,Rennes,Paris SG,1,4,A,4.58,3.99,1.72,1.67,2.22,1476.72,1770.69,-293.97,1.6,0.4,4,0,1,3.4,1.2,5,0,0,0,2,1,1.0,2.33,
2025-03-08 00:00:00,Lille,Montpellier,1,0,H,1.4,4.94,7.45,1.62,2.31,1594.88,1391.4,203.49,2.0,1.6,3,0,2,0.2,2.8,0,0,5,1,0,2,1.0,0.67,
2025-03-08 00:00:00,Marseille,Lens,0,1,A,1.52,4.49,5.83,1.61,2.34,1604.19,1489.45,114.74,2.4,1.2,4,0,1,1.2,2.2,1,0,4,2,1,0,1.67,1.0,
2025-03-09 00:00:00,Nantes,Strasbourg,0,1,A,2.58,3.3,2.75,2.02,1.8,1438.21,1542.69,-104.49,1.2,2.6,2,0,3,1.0,0.2,3,1,1,1,2,0,1.33,2.33,
2025-03-09 00:00:00,Nice,Lyon,0,2,A,2.04,3.64,3.46,1.62,2.32,1618.2,1587.97,30.23,2.2,0.6,4,1,0,2.8,1.6,3,0,2,0,2,1,0.33,1.67,
2025-03-09 00:00:00,Reims,Auxerre,0,2,A,2.46,3.26,2.94,2.01,1.82,1412.25,1489.94,-77.69,0.2,2.2,0,0,5,1.8,1.8,1,2,2,0,1,0,1.0,2.0,
2025-03-09 00:00:00,Brest,Angers,2,0,H,1.75,3.71,4.72,1.95,1.85,1532.03,1470.07,61.96,1.4,1.8,1,2,2,1.0,2.0,1,2,2,0,1,0,0.0,2.0,
2025-03-09 00:00:00,Le Havre,St Etienne,1,1,D,2.34,3.44,2.97,1.83,2.0,1385.24,1411.79,-26.54,1.8,2.4,2,1,2,1.2,3.4,0,1,4,1,0,0,2.0,0.0,
2025-03-14 00:00:00,Nice,Auxerre,1,1,D,1.6,4.1,5.54,1.73,2.13,1601.9,1501.64,100.25,2.0,0.8,4,0,1,1.8,1.0,2,2,1,0,1,0,1.0,2.0,
2025-03-15 00:00:00,Nantes,Lille,1,0,H,3.54,3.34,2.14,2.08,1.76,1427.59,1601.98,-174.39,0.8,2.6,1,0,4,1.4,1.4,3,0,2,0,2,1,0.67,1.67,
2025-03-15 00:00:00,Angers,Monaco,0,2,A,6.75,4.87,1.43,1.52,2.5,1457.72,1594.21,-136.49,0.8,2.2,1,1,3,2.6,1.6,2,1,2,1,0,0,1.0,0.0,
2025-03-15 00:00:00,Lens,Rennes,1,0,H,2.08,3.45,3.59,1.92,1.9,1509.23,1472.05,37.17,1.0,2.2,1,0,4,1.6,1.2,3,0,2,0,0,3,1.0,1.0,
2025-03-16 00:00:00,Strasbourg,Toulouse,2,1,H,2.31,3.34,3.14,2.08,1.76,1553.31,1523.68,29.63,1.2,0.0,4,1,0,2.2,1.0,2,2,1,2,0,1,1.33,0.33,
2025-03-16 00:00:00,Lyon,Le Havre,4,2,H,1.36,5.28,7.76,1.53,2.48,1604.27,1386.39,217.88,2.8,1.0,4,0,1,1.8,2.4,2,1,2,1,1,1,1.67,1.0,
2025-03-16 00:00:00,Brest,Reims,0,0,D,1.7,3.87,4.96,1.87,1.97,1544.39,1400.55,143.84,1.4,0.8,2,2,1,0.0,2.2,0,0,5,2,0,1,1.67,1.0,
2025-03-16 00:00:00,Montpellier,St Etienne,0,2,A,2.2,3.66,3.09,1.66,2.2,1384.3,1410.64,-26.35,0.2,2.6,0,0,5,1.2,2.8,0,2,3,0,1,0,0.0,1.0,
2025-03-16 00:00:00,Paris SG,Marseille,3,1,H,1.44,5.08,6.26,1.39,2.95,1775.35,1584.41,190.95,3.2,1.0,5,0,0,1.8,1.0,3,0,2,3,0,0,3.0,0.0,
2025-03-28 00:00:00,Strasbourg,Lyon,4,2,H,2.74,3.65,2.42,1.66,2.23,1567.04,1610.93,-43.89,1.2,0.2,4,1,0,2.8,1.4,4,0,1,1,2,0,2.0,2.33,
2025-03-29 00:00:00,St Etienne,Paris SG,1,6,A,16.45,9.12,1.13,1.2,4.19,1424.51,1782.85,-358.34,1.6,2.4,1,2,2,3.0,1.0,5,0,0,0,1,0,1.0,2.0,
2025-03-29 00:00:00,Monaco,Nice,2,1,H,1.9,3.83,3.76,1.61,2.31,1603.6,1597.68,5.91,2.8,0.8,3,1,1,1.8,1.0,3,1,1,1,2,0,1.33,1.67,
2025-03-29 00:00:00,Reims,Marseille,3,1,H,5.48,4.18,1.59,1.74,2.09,1406.43,1576.91,-170.48,0.0,1.4,0,1,4,1.6,1.6,2,0,3,1,1,1,1.33,1.33,
2025-03-30 00:00:00,Toulouse,Brest,2,4,A,2.02,3.35,3.87,2.11,1.73,1509.96,1538.51,-28.55,2.0,1.0,2,1,2,1.0,0.8,1,3,1,0,2,1,0.33,2.0,
2025-03-30 00:00:00,Auxerre,Montpellier,1,0,H,1.75,3.82,4.5,1.77,2.05,1505.86,1370.43,135.42,1.6,0.8,2,2,1,0.2,2.6,0,0,5,0,1,0,2.0,3.0,
2025-03-30 00:00:00,Lille,Lens,1,0,H,2.01,3.48,3.7,2.01,1.81,1580.02,1522.63,57.4,1.2,1.2,3,0,2,1.2,1.8,2,0,3,2,0,1,1.67,0.67,
2025-03-30 00:00:00,Angers,Rennes,0,3,A,4.1,3.55,1.89,1.95,1.86,1448.32,1458.65,-10.33,0.8,2.2,1,1,3,1.2,1.4,2,0,3,0,1,0,0.0,2.0,
2025-03-30 00:00:00,Le Havre,Nantes,3,2,H,3.03,3.28,2.38,2.1,1.73,1379.73,1449.54,-69.81,1.8,3.0,1,1,3,1.0,2.2,2,0,3,1,1,1,0.67,0.33,
2025-04-04 00:00:00,Nice,Nantes,1,2,A,1.51,4.35,6.43,1.76,2.08,1582.94,1431.57,151.37,1.4,1.2,2,1,2,1.2,1.4,2,0,3,0,2,1,0.67,1.33,
2025-04-05 00:00:00,Brest,Monaco,2,1,H,3.77,3.71,1.93,1.64,2.26,1552.28,1618.34,-66.07,1.4,0.8,2,2,1,1.8,0.8,3,1,1,0,3,0,0.67,2.33,
2025-04-05 00:00:00,Paris SG,Angers,1,0,H,1.13,9.11,17.68,1.23,3.89,1786.23,1433.77,352.46,4.0,1.2,5,0,0,0.6,2.8,0,1,4,1,0,0,4.0,2.0,
2025-04-05 00:00:00,Lyon,Lille,2,1,H,2.26,3.56,3.05,1.72,2.12,1594.05,1592.57,1.48,2.4,2.0,3,0,2,1.0,1.2,3,0,2,1,1,1,1.67,2.0,
2025-04-06 00:00:00,Lens,St Etienne,1,0,H,1.55,4.39,5.5,1.59,2.34,1510.08,1421.13,88.96,1.2,1.6,2,0,3,1.6,2.6,1,2,2,1,0,0,2.0,0.0,
2025-04-06 00:00:00,Montpellier,Le Havre,0,2,A,2.42,3.45,2.86,1.87,1.93,1361.0,1397.7,-36.7,0.0,2.0,0,0,5,2.2,2.8,2,1,2,1,1,1,1.33,1.0,
2025-04-06 00:00:00,Reims,Strasbourg,0,1,A,3.32,3.47,2.15,1.95,1.86,1428.25,1583.92,-155.67,0.6,1.4,1,1,3,1.6,0.6,4,1,0,1,1,1,1.0,1.33,
2025-04-06 00:00:00,Rennes,Auxerre,0,1,A,1.84,3.67,4.22,1.87,1.94,1473.21,1515.29,-42.08,1.8,1.0,3,0,2,1.4,0.4,3,1,1,0,1,0,0.0,4.0,
2025-04-06 00:00:00,Marseille,Toulouse,3,2,H,1.76,3.82,4.47,1.82,2.01,1555.09,1496.19,58.9,0.8,2.0,1,0,4,2.4,1.6,2,1,2,1,0,2,1.67,1.0,
2025-04-11 00:00:00,Lens,Reims,0,2,A,1.54,4.17,6.27,1.8,2.02,1521.33,1419.55,101.77,1.2,1.0,3,0,2,0.6,1.4,1,1,3,2,0,1,1.67,0.33,
2025-04-12 00:00:00,Monaco,Marseille,3,0,H,2.02,3.85,3.34,1.51,2.5,1600.53,1567.57,32.96,1.8,0.8,3,1,1,1.4,1.8,2,0,3,1,1,1,2.0,2.0,
2025-04-12 00:00:00,Toulouse,Lille,1,2,A,2.85,3.25,2.53,2.14,1.71,1483.71,1577.63,-93.93,2.0,2.0,1,1,3,0.8,1.4,2,0,3,1,1,1,1.67,1.33,
2025-04-12 00:00:00,Strasbourg,Nice,2,2,D,2.54,3.43,2.72,1.81,2.02,1592.62,1561.79,30.83,1.8,0.6,5,0,0,1.2,1.6,1,1,3,0,3,0,0.67,2.33,
2025-04-13 00:00:00,Auxerre,Lyon,1,3,A,3.47,3.71,2.01,1.6,2.33,1528.48,1608.98,-80.5,1.0,0.4,3,1,1,2.4,1.6,4,0,1,0,0,1,2.0,2.0,
2025-04-13 00:00:00,St Etienne,Brest,3,3,D,3.39,3.64,2.07,1.71,2.14,1409.88,1570.1,-160.21,1.0,2.2,1,1,3,1.8,1.0,3,1,1,0,1,0,0.0,4.0,
2025-04-13 00:00:00,Le Havre,Rennes,1,5,A,3.52,3.44,2.09,1.96,1.86,1411.12,1460.02,-48.89,2.4,2.0,3,1,1,1.6,1.2,2,0,3,0,2,1,0.67,1.33,
2025-04-13 00:00:00,Angers,Montpellier,2,0,H,1.93,3.63,3.86,1.88,1.94,1430.28,1347.58,82.71,0.0,2.4,0,0,5,0.0,2.0,0,0,5,1,0,0,3.0,1.0,
2025-04-18 00:00:00,Rennes,Nantes,2,1,H,1.81,3.65,4.4,1.96,1.86,1472.92,1452.72,20.2,1.8,1.4,2,0,3,1.0,1.4,2,0,3,2,1,0,2.0,0.67,
2025-04-19 00:00:00,Paris SG,Le Havre,2,1,H,1.12,9.76,16.34,1.23,3.98,1789.72,1398.22,391.5,3.6,0.8,5,0,0,1.8,2.4,2,1,2,2,0,1,3.0,1.33,
2025-04-19 00:00:00,Monaco,Strasbourg,0,0,D,1.56,4.65,5.02,1.42,2.77,1614.11,1591.29,22.82,1.8,0.8,3,1,1,2.0,1.0,4,1,0,3,0,0,2.33,0.33,
2025-04-19 00:00:00,Marseille,Montpellier,5,1,H,1.2,6.95,12.24,1.39,2.87,1553.99,1336.08,217.9,1.0,2.4,1,0,4,0.0,1.6,0,0,5,2,0,1,3.33,0.67,
2025-04-20 00:00:00,Lille,Auxerre,3,1,H,1.5,4.26,6.54,1.87,1.95,1588.67,1516.89,71.78,1.0,0.8,3,0,2,1.2,0.8,3,1,1,0,0,1,0.0,0.0,
2025-04-20 00:00:00,Brest,Lens,1,3,A,2.35,3.35,3.02,1.88,1.93,1563.63,1502.05,61.58,2.2,1.2,3,2,0,0.6,0.6,3,0,2,1,2,0,1.0,1.67,
2025-04-20 00:00:00,Nice,Angers,2,1,H,1.38,4.92,7.98,1.71,2.13,1563.12,1441.78,121.34,1.0,1.8,0,2,3,0.4,1.6,1,0,4,1,0,0,4.0,1.0,
2025-04-20 00:00:00,Reims,Toulouse,1,0,H,3.24,3.3,2.25,2.02,1.81,1438.82,1472.67,-33.84,1.0,0.8,2,1,2,1.4,2.4,0,1,4,0,2,1,1.0,1.67,
2025-04-20 00:00:00,St Etienne,Lyon,2,1,H,4.83,4.39,1.61,1.42,2.77,1416.35,1620.57,-204.22,1.4,2.2,1,2,2,2.6,1.6,4,0,1,0,1,0,0.0,1.0,
2025-04-22 00:00:00,Nantes,Paris SG,1,1,D,6.94,5.15,1.4,1.46,2.65,1438.59,1792.57,-353.98,1.2,1.4,2,0,3,3.2,0.8,5,0,0,0,2,1,0.67,1.67,
2025-04-25 00:00:00,Paris SG,Nice,1,3,A,1.69,4.44,4.32,1.43,2.76,1781.03,1573.08,207.95,2.6,0.8,4,1,0,1.4,1.6,1,2,2,1,1,1,1.67,1.67,
2025-04-26 00:00:00,Strasbourg,St Etienne,3,1,H,1.62,4.36,4.86,1.52,2.47,1592.27,1439.27,153.0,1.8,1.0,3,2,0,1.6,2.2,2,1,2,0,1,0,0.0,2.0,
2025-04-26 00:00:00,Lyon,Rennes,4,1,H,1.76,4.09,4.17,1.55,2.39,1597.64,1487.05,110.6,2.4,2.0,3,0,2,2.0,0.8,3,0,2,1,2,0,1.0,2.0,
2025-04-26 00:00:00,Le Havre,Monaco,1,1,D,6.78,5.0,1.41,1.43,2.72,1395.37,1613.12,-217.75,1.8,2.6,2,0,3,1.6,0.6,3,1,1,0,1,2,0.67,1.33,
2025-04-27 00:00:00,Angers,Lille,0,2,A,5.89,3.99,1.58,1.97,1.85,1431.82,1600.62,-168.8,0.6,1.6,1,0,4,1.4,1.0,3,0,2,0,1,0,0.0,2.0,
2025-04-27 00:00:00,Lens,Auxerre,0,4,A,1.59,4.2,5.3,1.66,2.22,1519.68,1504.95,14.73,1.0,0.8,3,0,2,1.0,1.4,2,1,2,0,0,1,2.0,2.0,
2025-04-27 00:00:00,Montpellier,Reims,0,0,D,4.31,3.76,1.79,1.79,2.03,1329.42,1455.28,-125.86,0.2,2.4,0,0,5,1.2,0.4,3,1,1,1,2,0,1.67,2.67,
2025-04-27 00:00:00,Nantes,Toulouse,0,0,D,2.94,3.27,2.45,2.0,1.82,1450.13,1456.21,-6.08,1.4,1.4,2,1,2,1.2,2.4,0,0,5,1,1,1,1.0,1.0,
2025-04-27 00:00:00,Marseille,Brest,4,1,H,1.49,4.63,5.9,1.53,2.45,1560.65,1546.0,14.64,2.0,2.4,2,0,3,2.0,1.8,2,2,1,2,1,0,2.33,0.67,
2025-05-02 00:00:00,Nice,Reims,1,0,H,1.41,4.92,7.24,1.55,2.42,1596.12,1450.07,146.05,1.8,1.6,2,1,2,1.2,0.4,3,1,1,2,0,1,2.0,1.0,
2025-05-03 00:00:00,Strasbourg,Paris SG,2,1,H,2.43,3.9,2.57,1.44,2.7,1601.06,1757.99,-156.92,2.0,1.0,3,2,0,2.2,1.2,3,1,1,0,3,0,1.0,3.0,
2025-05-03 00:00:00,Toulouse,Rennes,2,1,H,2.12,3.43,3.42,1.95,1.87,1455.95,1476.67,-20.72,1.0,2.0,0,1,4,2.2,1.4,3,0,2,2,0,1,1.33,0.33,
2025-05-03 00:00:00,St Etienne,Monaco,1,3,A,6.58,5.27,1.4,1.31,3.33,1430.48,1604.79,-174.3,1.4,2.8,1,1,3,1.4,0.8,2,2,1,0,1,0,0.0,1.0,
2025-05-04 00:00:00,Lille,Marseille,1,1,D,2.32,3.37,3.06,1.87,1.95,1608.85,1575.01,33.84,1.8,0.8,4,0,1,2.6,2.0,3,0,2,1,0,2,1.33,0.67,
2025-05-04 00:00:00,Lyon,Lens,1,2,A,1.54,4.52,5.42,1.5,2.55,1608.02,1504.05,103.97,2.4,1.8,3,0,2,0.8,1.6,2,0,3,0,2,1,0.67,2.0,
2025-05-04 00:00:00,Nantes,Angers,0,1,A,1.9,3.39,4.28,2.11,1.73,1450.39,1423.58,26.81,1.2,1.4,1,2,2,0.6,1.6,1,0,4,0,0,1,1.0,1.0,
2025-05-04 00:00:00,Auxerre,Le Havre,1,2,A,2.11,3.56,3.33,1.81,2.01,1520.59,1403.71,116.88,1.6,1.2,3,0,2,1.6,2.0,2,1,2,0,1,0,1.0,3.0,
2025-05-04 00:00:00,Brest,Montpellier,1,0,H,1.36,5.15,7.87,1.56,2.42,1531.63,1334.63,197.0,2.2,2.6,2,1,2,0.2,2.0,0,1,4,2,1,0,2.0,1.33,
2025-05-10 00:00:00,Toulouse,Lens,1,1,D,2.26,3.5,3.06,1.8,2.01,1471.84,1523.41,-51.57,1.0,1.4,1,1,3,1.2,1.6,3,0,2,1,2,0,0.67,1.33,
2025-05-10 00:00:00,Reims,St Etienne,0,2,A,2.08,3.7,3.31,1.68,2.17,1441.03,1422.43,18.6,0.6,0.4,2,1,2,1.4,2.2,1,1,3,0,1,0,1.0,3.0,
2025-05-10 00:00:00,Rennes,Nice,2,0,H,3.57,3.71,1.98,1.7,2.14,1460.77,1605.16,-144.39,1.8,1.8,2,0,3,1.8,1.2,3,1,1,1,2,0,1.33,1.67,
2025-05-10 00:00:00,Montpellier,Paris SG,1,4,A,9.85,6.94,1.23,1.28,3.48,1327.33,1736.64,-409.31,0.2,2.0,0,1,4,1.2,1.4,2,1,2,0,3,0,0.67,5.0,
2025-05-10 00:00:00,Auxerre,Nantes,1,1,D,2.84,3.47,2.41,1.88,1.93,1500.72,1434.24,66.49,1.6,1.6,2,0,3,0.8,1.0,1,2,2,0,1,0,0.0,2.0,
2025-05-10 00:00:00,Le Havre,Marseille,1,3,A,5.92,4.55,1.5,1.57,2.37,1423.57,1576.47,-152.9,1.4,1.8,2,1,2,2.6,1.6,3,1,1,0,3,0,0.67,3.33,
2025-05-10 00:00:00,Brest,Lille,2,0,H,4.42,3.83,1.76,1.79,2.02,1538.93,1607.4,-68.46,1.6,2.2,2,1,2,1.8,1.0,3,1,1,0,2,1,0.67,1.67,
2025-05-10 00:00:00,Angers,Strasbourg,2,1,H,4.21,3.73,1.82,1.8,2.01,1439.73,1622.41,-182.68,0.8,1.0,2,0,3,1.6,0.8,3,2,0,0,0,1,1.0,1.0,
2025-05-10 00:00:00,Monaco,Lyon,2,0,H,1.82,4.22,3.72,1.4,2.85,1612.83,1588.66,24.17,1.6,0.8,2,2,1,2.2,1.4,3,0,2,1,2,0,1.33,1.33,
2025-05-17 00:00:00,Lens,Monaco,4,0,H,3.93,3.95,1.83,1.49,2.56,1521.2,1626.79,-105.59,1.2,1.8,2,1,2,1.8,0.4,3,2,0,0,2,1,1.0,2.33,
2025-05-17 00:00:00,Lille,Reims,2,1,H,1.38,4.84,7.91,1.71,2.14,1589.48,1425.23,164.25,1.6,1.0,3,1,1,0.6,0.6,2,1,2,2,1,0,1.33,0.67,
2025-05-17 00:00:00,Lyon,Angers,2,0,H,1.27,6.08,9.44,1.38,2.91,1574.71,1461.97,112.74,1.8,1.6,2,0,3,1.2,1.0,3,0,2,1,0,0,3.0,0.0,
2025-05-17 00:00:00,Marseille,Rennes,4,2,H,1.78,4.04,4.05,1.48,2.57,1585.26,1481.67,103.59,2.6,1.4,3,1,1,2.2,1.6,3,0,2,2,1,0,1.33,1.0,
2025-05-17 00:00:00,Nantes,Montpellier,3,0,H,1.52,4.36,5.85,1.72,2.12,1437.07,1324.73,112.34,0.6,1.0,0,3,2,0.4,2.4,0,1,4,2,0,1,2.0,0.67,
2025-05-17 00:00:00,Nice,Brest,6,0,H,1.47,4.76,6.09,1.48,2.56,1584.26,1556.85,27.41,1.6,1.2,3,1,1,1.6,2.0,2,1,2,1,0,2,0.33,0.0,
2025-05-17 00:00:00,Paris SG,Auxerre,3,1,H,1.19,7.64,12.27,1.27,3.58,1739.24,1497.89,241.35,1.8,1.6,2,1,2,1.6,1.8,1,1,3,0,0,1,0.0,0.0,
2025-05-17 00:00:00,Strasbourg,Le Havre,2,3,A,1.56,4.65,5.04,1.48,2.56,1600.18,1414.78,185.4,1.6,1.2,2,2,1,1.2,2.4,1,1,3,2,1,0,2.0,1.33,
2025-05-17 00:00:00,St Etienne,Toulouse,2,3,A,2.03,4.06,3.18,1.5,2.51,1438.24,1474.05,-35.81,1.8,2.0,2,1,2,0.8,1.0,1,2,2,0,1,0,1.0,2.0,
2025-08-15 00:00:00,Rennes,Marseille,1,0,H,3.46,3.52,2.04,1.79,1.97,1471.02,1595.92,-124.9,1.6,2.2,2,0,3,3.4,1.2,4,1,0,1,3,0,1.25,2.0,
2025-08-16 00:00:00,Monaco,Le Havre,3,1,H,1.33,5.23,8.08,1.51,2.44,1607.37,1437.1,170.27,1.2,1.2,2,2,1,1.6,1.8,2,1,2,1,0,3,1.25,0.75,
2025-08-16 00:00:00,Nice,Toulouse,0,1,A,2.08,3.34,3.47,1.98,1.78,1598.08,1487.51,110.57,2.4,0.8,4,0,1,1.2,1.0,2,2,1,1,1,2,1.0,1.0,
2025-08-16 00:00:00,Lens,Lyon,0,1,A,2.29,3.56,2.87,1.66,2.14,1540.62,1585.0,-44.38,2.0,1.4,3,1,1,1.6,1.4,2,0,3,3,0,1,2.0,0.75,
2025-08-17 00:00:00,Brest,Lille,3,3,D,3.22,3.41,2.16,1.87,1.87,1543.03,1597.87,-54.84,1.0,2.6,2,0,3,1.6,1.0,3,1,1,1,2,1,1.0,1.25,
2025-08-17 00:00:00,Angers,Paris FC,1,0,H,2.62,3.12,2.74,2.16,1.65,1451.67,1500.0,-48.33,0.8,1.4,2,0,3,0.0,0.0,0,0,0,0,0,0,0.0,0.0,
2025-08-17 00:00:00,Auxerre,Lorient,1,0,H,2.32,3.35,2.96,1.9,1.85,1491.9,1392.94,98.96,1.6,1.8,1,1,3,1.6,2.2,1,0,4,0,0,0,0.0,0.0,
2025-08-17 00:00:00,Metz,Strasbourg,0,1,A,3.03,3.38,2.26,1.86,1.89,1384.72,1577.86,-193.14,1.0,1.8,1,0,4,1.6,1.4,2,1,2,0,2,0,0.5,1.5,
2025-08-17 00:00:00,Nantes,Paris SG,0,1,A,7.97,5.43,1.32,1.44,2.66,1447.39,1745.22,-297.84,1.0,0.6,1,3,1,2.0,1.6,2,1,2,0,2,2,0.75,1.5,
2025-08-22 00:00:00,Paris SG,Angers,1,0,H,1.08,11.06,24.94,1.24,3.77,1749.8,1468.74,281.05,2.0,1.4,3,0,2,0.8,1.0,3,0,2,2,0,0,2.5,1.0,
2025-08-23 00:00:00,Marseille,Paris FC,5,2,H,1.36,4.89,7.89,1.64,2.17,1575.75,1482.93,92.82,2.4,1.2,3,1,1,0.0,1.0,0,0,1,0,0,0,0.0,0.0,
2025-08-23 00:00:00,Nice,Auxerre,3,1,H,1.62,4.09,4.93,1.72,2.05,1578.46,1502.74,75.72,2.0,0.8,3,0,2,1.6,1.2,2,1,2,0,1,1,1.0,1.5,
2025-08-23 00:00:00,Lyon,Metz,3,0,H,1.39,4.93,6.98,1.5,2.46,1598.1,1377.29,220.81,1.6,1.0,3,0,2,0.8,2.0,0,0,5,1,0,1,1.5,1.0,
2025-08-24 00:00:00,Lille,Monaco,1,0,H,2.94,3.53,2.25,1.67,2.12,1595.53,1615.56,-20.03,1.6,1.4,2,2,1,1.8,1.4,3,1,1,2,1,1,1.0,0.5,
2025-08-24 00:00:00,Toulouse,Brest,2,0,H,2.07,3.46,3.41,1.89,1.85,1507.13,1545.38,-38.25,1.4,0.8,3,2,0,1.4,2.6,2,1,2,0,3,1,0.75,2.5,
2025-08-24 00:00:00,Le Havre,Lens,1,2,A,3.69,3.61,1.93,1.82,1.93,1428.91,1527.53,-98.61,1.6,2.0,2,1,2,1.4,1.4,2,1,2,1,1,2,1.5,1.5,
2025-08-24 00:00:00,Lorient,Rennes,4,0,H,2.71,3.29,2.54,1.94,1.81,1382.1,1491.19,-109.09,1.4,1.6,1,0,4,1.4,2.0,2,0,3,2,0,0,2.0,1.0,
2025-08-24 00:00:00,Strasbourg,Nantes,1,0,H,1.76,3.65,4.46,1.88,1.87,1585.28,1442.81,142.48,1.8,1.4,3,0,2,0.8,0.6,1,2,2,3,1,0,2.0,1.0,
2025-08-29 00:00:00,Lens,Brest,3,1,H,1.84,3.68,4.05,1.8,1.96,1538.38,1528.74,9.64,1.8,0.8,3,1,1,1.2,2.2,2,1,2,3,1,0,2.0,1.0,
2025-08-30 00:00:00,Lorient,Lille,1,7,A,3.3,3.48,2.11,1.85,1.89,1401.66,1611.39,-209.73,2.0,1.2,2,0,3,1.4,1.4,2,2,1,1,1,0,2.0,2.0,
2025-08-30 00:00:00,Nantes,Auxerre,1,0,H,2.26,3.2,3.24,2.14,1.66,1433.64,1490.96,-57.32,0.8,0.8,1,1,3,1.0,1.8,1,1,3,1,0,1,1.5,0.5,
2025-08-30 00:00:00,Toulouse,Paris SG,3,6,A,8.17,5.12,1.34,1.56,2.34,1523.77,1754.76,-230.99,1.8,0.8,4,1,0,2.0,0.8,4,0,1,1,2,1,1.0,1.5,
2025-08-31 00:00:00,Angers,Rennes,1,1,D,3.34,3.37,2.11,2.0,1.76,1463.78,1471.63,-7.85,0.8,0.8,3,0,2,1.2,2.0,2,0,3,0,2,0,0.0,2.5,
2025-08-31 00:00:00,Le Havre,Nice,3,1,H,3.44,3.51,2.05,1.85,1.9,1418.06,1590.25,-172.19,1.6,2.2,2,0,3,2.0,0.8,3,0,2,1,3,0,1.25,1.75,
2025-08-31 00:00:00,Monaco,Strasbourg,3,2,H,1.53,4.34,5.5,1.61,2.23,1599.69,1594.46,5.24,1.6,1.4,3,0,2,1.4,1.2,3,0,2,3,0,1,1.75,0.25,
2025-08-31 00:00:00,Paris FC,Metz,3,2,H,1.82,3.6,4.23,1.92,1.83,1471.84,1370.72,101.12,1.0,3.0,0,0,2,0.6,2.2,0,0,5,0,0,0,0.0,0.0,
2025-08-31 00:00:00,Lyon,Marseille,1,0,H,2.65,3.68,2.4,1.53,2.4,1604.67,1586.83,17.84,1.4,0.8,3,0,2,2.6,1.4,3,1,1,1,3,0,1.25,2.25,
2025-09-12 00:00:00,Marseille,Lorient,4,0,H,1.36,5.22,7.55,1.47,2.61,1572.6,1394.76,177.85,2.4,1.4,3,0,2,2.2,2.2,2,0,3,2,0,0,3.5,1.5,
2025-09-13 00:00:00,Nice,Nantes,1,0,H,1.66,3.84,4.95,1.86,1.9,1568.37,1451.09,117.28,2.0,1.4,2,0,3,1.0,0.6,2,1,2,0,3,1,0.75,1.5,
2025-09-13 00:00:00,Auxerre,Monaco,1,2,A,4.92,4.3,1.59,1.52,2.44,1473.51,1614.47,-140.96,0.8,1.6,1,1,3,1.6,1.6,3,0,2,0,2,0,1.0,3.5,
2025-09-14 00:00:00,Lille,Toulouse,2,1,H,1.76,3.81,4.25,1.78,1.98,1618.29,1517.5,100.8,2.6,1.4,3,1,1,2.0,1.8,3,1,1,2,1,1,1.5,1.5,
2025-09-14 00:00:00,Brest,Paris FC,1,2,A,2.21,3.51,3.06,1.74,2.04,1514.15,1482.59,31.56,1.2,2.8,1,1,3,1.67,2.67,1,0,2,0,0,0,0.0,0.0,
2025-09-14 00:00:00,Paris SG,Lens,2,0,H,1.31,5.75,8.06,1.35,3.06,1761.04,1552.96,208.08,3.0,1.0,5,0,0,2.0,0.8,3,1,1,4,0,0,2.0,0.5,
2025-09-14 00:00:00,Strasbourg,Le Havre,1,0,H,1.6,4.07,5.22,1.76,2.0,1579.68,1439.94,139.74,1.4,1.6,2,0,3,1.8,2.2,2,0,3,2,2,0,2.0,1.75,
2025-09-14 00:00:00,Rennes,Lyon,3,1,H,2.66,3.48,2.49,1.75,2.02,1471.29,1618.9,-147.61,1.2,1.8,2,1,2,1.4,0.4,4,0,1,2,2,0,1.75,1.75,
2025-09-14 00:00:00,Metz,Angers,1,1,D,2.27,3.31,3.1,2.03,1.74,1359.97,1464.12,-104.15,0.6,2.2,0,0,5,0.8,1.0,2,1,2,0,0,0,0.0,0.0,
2025-09-19 00:00:00,Lyon,Angers,1,0,H,1.43,4.56,7.02,1.73,2.04,1597.88,1459.75,138.13,1.6,0.6,4,0,1,0.6,1.0,1,2,2,2,0,0,2.5,0.0,
2025-09-20 00:00:00,Nantes,Rennes,2,2,D,3.39,3.35,2.11,1.98,1.78,1440.97,1492.3,-51.34,0.8,0.6,2,0,3,1.4,2.0,2,1,2,1,3,0,0.75,2.0,
2025-09-20 00:00:00,Brest,Nice,4,1,H,2.63,3.51,2.5,1.69,2.08,1497.79,1578.49,-80.69,1.0,3.2,0,1,4,2.2,1.0,3,0,2,0,2,2,0.0,1.75,
2025-09-20 00:00:00,Lens,Lille,3,0,H,2.4,3.43,2.8,1.78,1.97,1546.01,1629.06,-83.05,1.8,1.0,3,0,2,3.0,1.2,4,1,0,0,3,1,0.5,1.5,
2025-09-21 00:00:00,Paris FC,Strasbourg,2,3,A,2.37,3.46,2.82,1.76,1.99,1498.95,1588.95,-90.0,1.75,2.25,2,0,2,1.4,1.2,3,0,2,0,0,0,0.0,0.0,
2025-09-21 00:00:00,Auxerre,Toulouse,1,0,H,2.63,3.26,2.63,1.98,1.77,1464.28,1506.73,-42.45,0.8,1.8,1,0,4,2.0,2.0,3,0,2,0,1,1,1.0,2.0,
2025-09-21 00:00:00,Le Havre,Lorient,1,1,D,2.26,3.38,3.05,1.91,1.84,1430.67,1386.83,43.84,1.6,1.8,2,0,3,2.0,2.4,2,0,3,1,0,1,3.0,1.5,
2025-09-21 00:00:00,Monaco,Metz,5,2,H,1.26,6.09,9.73,1.37,2.96,1623.69,1364.33,259.36,1.6,1.8,3,0,2,0.6,2.0,0,1,4,2,0,0,3.5,1.5,
2025-09-22 00:00:00,Marseille,Paris SG,1,0,H,3.55,3.89,1.89,1.51,2.46,1580.53,1768.0,-187.46,2.6,1.2,3,0,2,2.6,0.8,5,0,0,0,4,0,0.25,3.0,
2025-09-26 00:00:00,Strasbourg,Marseille,1,2,A,3.51,3.6,2.0,1.73,2.05,1600.15,1602.92,-2.77,1.6,1.0,4,0,1,2.0,0.8,3,0,2,1,0,3,1.0,0.75,
2025-09-27 00:00:00,Paris SG,Auxerre,2,0,H,1.15,7.95,15.21,1.29,3.4,1745.61,1481.1,264.5,2.0,0.8,4,0,1,0.8,1.2,2,0,3,1,0,1,1.5,0.5,
2025-09-27 00:00:00,Lorient,Monaco,3,1,H,4.93,4.25,1.6,1.51,2.45,1388.71,1629.2,-240.49,1.2,2.6,1,1,3,2.6,1.4,4,0,1,0,0,2,2.0,2.0,
2025-09-27 00:00:00,Toulouse,Nantes,2,2,D,1.69,3.6,5.11,2.05,1.72,1489.91,1443.17,46.74,1.4,1.8,2,0,3,0.6,1.0,1,1,3,1,1,2,0.75,0.75,
2025-09-28 00:00:00,Nice,Paris FC,1,1,D,1.85,3.83,3.76,1.58,2.29,1560.06,1487.75,72.31,1.2,1.8,2,0,3,1.8,2.4,2,0,3,0,0,0,0.0,0.0,
2025-09-28 00:00:00,Angers,Brest,0,2,A,3.04,3.29,2.31,1.96,1.8,1450.42,1516.22,-65.8,0.6,0.8,1,2,2,1.8,2.2,1,1,3,1,1,0,1.0,1.0,
2025-09-28 00:00:00,Lille,Lyon,0,1,A,2.23,3.46,3.05,1.73,2.03,1610.54,1607.22,3.33,2.6,1.6,3,1,1,1.4,0.6,4,0,1,1,2,1,1.75,1.75,
2025-09-28 00:00:00,Metz,Le Havre,0,0,D,2.6,3.34,2.62,1.95,1.81,1358.83,1428.78,-69.96,1.0,2.6,0,1,4,1.2,1.6,1,1,3,1,0,1,0.5,0.0,
2025-09-28 00:00:00,Rennes,Lens,0,0,D,2.4,3.48,2.76,1.71,2.07,1490.1,1564.53,-74.42,1.4,1.6,2,2,1,1.6,1.0,3,0,2,0,1,3,0.75,1.0,
2025-10-03 00:00:00,Paris FC,Lorient,2,0,H,1.74,3.9,4.39,1.68,2.12,1490.83,1412.7,78.13,2.0,2.4,2,1,2,1.8,2.6,2,1,2,0,0,0,0.0,0.0,
2025-10-04 00:00:00,Metz,Marseille,0,3,A,6.2,4.57,1.46,1.59,2.27,1361.81,1617.8,-255.99,1.0,2.4,0,2,3,2.4,0.8,4,0,1,0,0,2,1.5,1.5,
2025-10-04 00:00:00,Brest,Nantes,0,0,D,1.86,3.59,4.0,1.87,1.88,1528.41,1445.17,83.24,1.6,1.6,2,0,3,1.0,1.2,1,2,2,3,0,1,2.0,0.25,
2025-10-04 00:00:00,Auxerre,Lens,1,2,A,3.65,3.61,1.94,1.81,1.95,1475.73,1561.36,-85.63,0.6,1.6,1,0,4,1.6,0.8,3,1,1,1,0,1,3.0,1.0,
2025-10-05 00:00:00,Lyon,Toulouse,1,2,A,1.89,3.63,3.86,1.77,1.99,1622.36,1487.9,134.46,1.4,0.6,4,0,1,1.6,2.2,1,1,3,3,0,1,2.0,0.75,
2025-10-05 00:00:00,Le Havre,Rennes,2,2,D,3.04,3.29,2.31,1.95,1.8,1425.8,1493.27,-67.46,1.0,1.0,1,2,2,1.2,1.6,1,3,1,0,3,1,0.75,2.25,
2025-10-05 00:00:00,Monaco,Nice,2,2,D,1.88,3.81,3.69,1.54,2.39,1605.21,1556.99,48.22,2.2,1.8,3,0,2,1.4,1.8,2,1,2,2,2,0,1.5,1.5,
2025-10-05 00:00:00,Strasbourg,Angers,5,0,H,1.65,3.77,5.18,1.97,1.79,1585.27,1438.23,147.05,1.6,1.4,3,0,2,0.4,1.2,0,2,3,0,1,1,1.0,1.5,
2025-10-05 00:00:00,Lille,Paris SG,1,1,D,4.33,3.89,1.73,1.66,2.14,1595.4,1750.98,-155.58,2.0,1.2,3,0,2,2.2,0.8,4,0,1,0,3,1,1.0,2.75,
2025-10-21 00:00:00,Lorient,Brest,3,3,D,2.39,3.35,2.86,1.87,1.88,1396.76,1526.29,-129.53,1,3,1,1,3,1.6,1.2,2,1,2,0,2,0,0,2.5,1.88
2025-10-21 00:00:00,Rennes,Auxerre,2,2,D,1.74,3.72,4.53,1.79,1.96,1493.66,1466.76,26.9,1.6,1.2,1,4,0,0.6,1.4,1,0,4,0,2,0,0,2.5,1.96
2025-10-21 00:00:00,Lens,Paris FC,2,1,H,1.85,3.74,3.87,1.65,2.16,1593.65,1484.16,109.48,1.6,0.8,3,1,1,2,1.4,3,1,1,0,0,0,0,0,2.16
2025-10-21 00:00:00,Toulouse,Metz,4,0,H,1.58,3.98,5.57,1.85,1.9,1522.73,1326.08,196.65,1.6,2.4,1,1,3,1,2.4,0,2,3,2,0,0,2,0,1.9
2025-10-21 00:00:00,Angers,Monaco,1,1,D,5.11,4.13,1.6,1.62,2.21,1429.07,1607.39,-178.32,0.4,2,0,2,3,2.6,2,3,1,1,1,1,0,0.5,1,2.21
2025-10-21 00:00:00,Nice,Lyon,3,2,H,2.42,3.46,2.76,1.74,2.03,1584.84,1596.2,-11.36,1.2,2,1,2,2,1,1,3,0,2,0,3,1,0.25,1.75,2.03
2025-10-21 00:00:00,Paris SG,Strasbourg,3,3,D,1.3,5.75,8.86,1.43,2.69,1769.78,1609.52,160.26,2.2,1,3,1,1,2.4,1.4,3,0,2,3,1,0,2.5,1.25,2.69
2025-10-21 00:00:00,Marseille,Le Havre,6,2,H,1.32,5.29,8.79,1.59,2.27,1641.97,1421.74,220.23,2,0.4,4,0,1,1.2,1,1,3,1,4,0,0,3.25,0.75,2.27
2025-10-21 00:00:00,Nantes,Lille,0,2,A,4.26,3.64,1.79,1.86,1.88,1443.36,1623.08,-179.72,1,1,1,3,1,2,1.4,2,1,2,1,2,1,0.75,1.25,1.88
