Date,HomeTeam,AwayTeam,FTHG,FTAG,FTR,AvgH,AvgD,AvgA,Avg>2.5,Avg<2.5,HomeTeamElo,AwayTeamElo,EloDifference,Home_AvgGoalsScored,Home_AvgGoalsConceded,Home_Wins,Home_Draws,Home_Losses,Away_AvgGoalsScored,Away_AvgGoalsConceded,Away_Wins,Away_Draws,Away_Losses,HTH_HomeWins,HTH_AwayWins,HTH_Draws,HTH_AvgHomeGoals,HTH_AvgAwayGoals
2023-08-18 00:00:00,Werder Bremen,Bayern Munich,0,4,A,8.5,6.09,1.32,1.33,3.34,1500.0,1500.0,0.0,0.0,0.0,0,0,0,0.0,0.0,0,0,0,0,0,0,0.0,0.0
2023-08-19 00:00:00,Dortmund,FC Koln,1,0,H,1.4,5.21,7.24,1.43,2.83,1500.0,1500.0,0.0,0.0,0.0,0,0,0,0.0,0.0,0,0,0,0,0,0,0.0,0.0
2023-08-19 00:00:00,Wolfsburg,Heidenheim,2,0,H,1.62,4.31,5.19,1.61,2.34,1500.0,1500.0,0.0,0.0,0.0,0,0,0,0.0,0.0,0,0,0,0,0,0,0.0,0.0
2023-08-19 00:00:00,Augsburg,M'gladbach,4,4,D,2.72,3.69,2.47,1.61,2.34,1500.0,1500.0,0.0,0.0,0.0,0,0,0,0.0,0.0,0,0,0,0,0,0,0.0,0.0
2023-08-19 00:00:00,Leverkusen,RB Leipzig,3,2,H,2.47,3.62,2.78,1.68,2.2,1500.0,1500.0,0.0,0.0,0.0,0,0,0,0.0,0.0,0,0,0,0,0,0,0.0,0.0
2023-08-19 00:00:00,Hoffenheim,Freiburg,1,2,A,2.35,3.63,2.94,1.66,2.24,1500.0,1500.0,0.0,0.0,0.0,0,0,0,0.0,0.0,0,0,0,0,0,0,0.0,0.0
2023-08-19 00:00:00,Stuttgart,Bochum,5,0,H,1.69,4.17,4.69,1.64,2.29,1500.0,1500.0,0.0,0.0,0.0,0,0,0,0.0,0.0,0,0,0,0,0,0,0.0,0.0
2023-08-20 00:00:00,Union Berlin,Mainz,4,1,H,2.01,3.45,3.92,2.1,1.75,1500.0,1500.0,0.0,0.0,0.0,0,0,0,0.0,0.0,0,0,0,0,0,0,0.0,0.0
2023-08-20 00:00:00,Ein Frankfurt,Darmstadt,1,0,H,1.39,5.12,7.82,1.67,2.23,1500.0,1500.0,0.0,0.0,0.0,0,0,0,0.0,0.0,0,0,0,0,0,0,0.0,0.0
2023-08-25 00:00:00,RB Leipzig,Stuttgart,5,1,H,1.51,4.71,6.09,1.54,2.49,1485.0,1515.0,-30.0,2.0,3.0,0,0,1,5.0,0.0,1,0,0,0,0,0,0.0,0.0
2023-08-26 00:00:00,Heidenheim,Hoffenheim,2,3,A,2.98,3.73,2.3,1.67,2.25,1485.0,1485.0,0.0,0.0,2.0,0,0,1,1.0,2.0,0,0,1,0,0,0,0.0,0.0
2023-08-26 00:00:00,M'gladbach,Leverkusen,0,3,A,3.68,4.1,1.91,1.49,2.63,1500.0,1515.0,-15.0,4.0,4.0,0,1,0,3.0,2.0,1,0,0,0,0,0,0.0,0.0
2023-08-26 00:00:00,Darmstadt,Union Berlin,1,4,A,3.88,3.44,2.03,2.08,1.77,1485.0,1515.0,-30.0,0.0,1.0,0,0,1,4.0,1.0,1,0,0,0,0,0,0.0,0.0
2023-08-26 00:00:00,Bochum,Dortmund,1,1,D,6.72,5.29,1.42,1.36,3.17,1485.0,1515.0,-30.0,0.0,5.0,0,0,1,1.0,0.0,1,0,0,0,0,0,0.0,0.0
2023-08-26 00:00:00,FC Koln,Wolfsburg,1,2,A,2.36,3.56,2.98,1.75,2.09,1485.0,1515.0,-30.0,0.0,1.0,0,0,1,2.0,0.0,1,0,0,0,0,0,0.0,0.0
2023-08-26 00:00:00,Freiburg,Werder Bremen,1,0,H,1.71,4.06,4.75,1.68,2.22,1515.0,1485.0,30.0,2.0,1.0,1,0,0,0.0,4.0,0,0,1,0,0,0,0.0,0.0
2023-08-27 00:00:00,Mainz,Ein Frankfurt,1,1,D,2.43,3.63,2.83,1.71,2.17,1485.0,1515.0,-30.0,1.0,4.0,0,0,1,1.0,0.0,1,0,0,0,0,0,0.0,0.0
2023-08-27 00:00:00,Bayern Munich,Augsburg,3,1,H,1.08,12.99,24.71,1.19,4.78,1515.0,1500.0,15.0,4.0,0.0,1,0,0,4.0,4.0,0,1,0,0,0,0,0.0,0.0
2023-09-01 00:00:00,Dortmund,Heidenheim,2,2,D,1.25,6.82,10.4,1.33,3.34,1513.71,1470.0,43.71,1.0,0.5,1,1,0,1.0,2.5,0,0,2,0,0,0,0.0,0.0
2023-09-02 00:00:00,Augsburg,Bochum,2,2,D,2.03,3.7,3.56,1.73,2.14,1485.65,1486.29,-0.64,2.5,3.5,0,1,1,0.5,3.0,0,1,1,0,0,0,0.0,0.0
2023-09-02 00:00:00,Hoffenheim,Wolfsburg,3,1,H,2.47,3.77,2.67,1.53,2.51,1500.0,1528.71,-28.71,2.0,2.0,1,0,1,2.0,0.5,2,0,0,0,0,0,0.0,0.0
2023-09-02 00:00:00,Leverkusen,Darmstadt,5,1,H,1.2,7.3,13.64,1.41,2.9,1529.35,1471.29,58.06,3.0,1.0,2,0,0,0.5,2.5,0,0,2,0,0,0,0.0,0.0
2023-09-02 00:00:00,Stuttgart,Freiburg,5,0,H,2.18,3.68,3.2,1.72,2.15,1498.71,1528.71,-30.0,3.0,2.5,1,0,1,1.5,0.5,2,0,0,0,0,0,0.0,0.0
2023-09-02 00:00:00,Werder Bremen,Mainz,4,0,H,2.7,3.57,2.55,1.74,2.12,1471.29,1486.29,-15.0,0.0,2.5,0,0,2,1.0,2.5,0,1,1,0,0,0,0.0,0.0
2023-09-02 00:00:00,M'gladbach,Bayern Munich,1,2,A,8.28,6.34,1.31,1.24,4.09,1485.65,1529.35,-43.71,2.0,3.5,0,1,1,3.5,0.5,2,0,0,0,0,0,0.0,0.0
2023-09-03 00:00:00,Ein Frankfurt,FC Koln,1,1,D,2.13,3.49,3.49,1.94,1.89,1513.71,1471.29,42.42,1.0,0.5,1,1,0,0.5,1.5,0,0,2,0,0,0,0.0,0.0
2023-09-03 00:00:00,Union Berlin,RB Leipzig,0,3,A,3.22,3.45,2.26,1.94,1.89,1528.71,1501.29,27.42,4.0,1.0,2,0,0,3.5,2.0,1,0,1,0,0,0,0.0,0.0
2023-09-15 00:00:00,Bayern Munich,Leverkusen,2,2,D,1.62,4.66,4.76,1.37,3.09,1542.48,1541.87,0.61,3.0,0.67,3,0,0,3.67,1.0,3,0,0,0,0,0,0.0,0.0
2023-09-16 00:00:00,FC Koln,Hoffenheim,1,3,A,2.22,3.78,3.05,1.61,2.35,1473.11,1516.24,-43.12,0.67,1.33,0,1,2,2.33,1.67,2,0,1,0,0,0,0.0,0.0
2023-09-16 00:00:00,Freiburg,Dortmund,2,4,A,3.16,3.84,2.15,1.51,2.58,1512.42,1511.83,0.59,1.0,2.0,2,0,1,1.33,1.0,1,2,0,0,0,0,0.0,0.0
2023-09-16 00:00:00,Mainz,Stuttgart,1,3,A,2.55,3.65,2.66,1.69,2.2,1470.64,1515.0,-44.36,0.67,3.0,0,1,2,3.67,1.67,2,0,1,0,0,0,0.0,0.0
2023-09-16 00:00:00,RB Leipzig,Augsburg,3,0,H,1.23,6.98,11.49,1.37,3.1,1517.47,1485.68,31.8,3.33,1.33,2,0,1,2.33,3.0,0,2,1,0,0,0,0.0,0.0
2023-09-16 00:00:00,Wolfsburg,Union Berlin,2,1,H,2.26,3.47,3.22,1.94,1.9,1512.47,1512.53,-0.06,1.67,1.33,2,0,1,2.67,1.67,2,0,1,0,0,0,0.0,0.0
2023-09-16 00:00:00,Bochum,Ein Frankfurt,1,1,D,2.93,3.63,2.35,1.72,2.15,1486.26,1511.89,-25.62,1.0,2.67,0,2,1,1.0,0.67,1,2,0,0,0,0,0.0,0.0
2023-09-17 00:00:00,Heidenheim,Werder Bremen,4,2,H,2.35,3.79,2.83,1.64,2.29,1471.88,1486.94,-15.06,1.33,2.33,0,1,2,1.33,1.67,1,0,2,0,0,0,0.0,0.0
2023-09-17 00:00:00,Darmstadt,M'gladbach,3,3,D,2.96,3.61,2.34,1.78,2.06,1458.78,1472.52,-13.75,0.67,3.33,0,0,3,1.67,3.0,0,1,2,0,0,0,0.0,0.0
2023-09-22 00:00:00,Stuttgart,Darmstadt,3,1,H,1.38,5.14,7.89,1.56,2.47,1528.1,1459.37,68.73,3.5,1.5,3,0,1,1.25,3.25,0,1,3,0,0,0,0.0,0.0
2023-09-23 00:00:00,Union Berlin,Hoffenheim,0,2,A,2.12,3.67,3.36,1.79,2.05,1497.52,1529.38,-31.86,2.25,1.75,2,0,2,2.5,1.5,3,0,1,0,0,0,0.0,0.0
2023-09-23 00:00:00,Werder Bremen,FC Koln,2,1,H,2.54,3.62,2.68,1.71,2.17,1471.29,1459.97,11.32,1.5,2.25,1,0,3,0.75,1.75,0,1,3,0,0,0,0.0,0.0
2023-09-23 00:00:00,M'gladbach,RB Leipzig,0,1,A,5.07,4.69,1.58,1.4,2.96,1471.93,1531.1,-59.17,2.0,3.0,0,2,2,3.25,1.0,3,0,1,0,0,0,0.0,0.0
2023-09-23 00:00:00,Dortmund,Wolfsburg,1,0,H,1.69,4.39,4.46,1.43,2.86,1526.86,1527.47,-0.62,2.0,1.25,2,2,0,1.75,1.25,3,0,1,0,0,0,0.0,0.0
2023-09-23 00:00:00,Bayern Munich,Bochum,7,0,H,1.1,11.34,20.92,1.21,4.41,1542.45,1487.37,55.08,2.75,1.0,3,1,0,1.0,2.25,0,3,1,0,0,0,0.0,0.0
2023-09-23 00:00:00,Augsburg,Mainz,2,1,H,2.59,3.63,2.62,1.68,2.22,1472.04,1457.55,14.49,1.75,3.0,0,2,2,0.75,3.0,0,1,3,0,0,0,0.0,0.0
2023-09-24 00:00:00,Leverkusen,Heidenheim,4,1,H,1.23,6.98,11.42,1.34,3.3,1541.9,1487.53,54.37,3.25,1.25,3,1,0,2.0,2.25,1,1,2,0,0,0,0.0,0.0
2023-09-24 00:00:00,Ein Frankfurt,Freiburg,0,0,D,2.09,3.63,3.44,1.83,2.0,1510.78,1497.39,13.39,1.0,0.75,1,3,0,1.25,2.5,2,0,2,0,0,0,0.0,0.0
2023-09-29 00:00:00,Hoffenheim,Dortmund,1,3,A,3.11,4.13,2.11,1.38,3.04,1543.01,1541.88,1.13,2.4,1.2,4,0,1,1.8,1.0,3,2,0,0,0,0,0.0,0.0
2023-09-30 00:00:00,Bochum,M'gladbach,1,3,A,2.33,3.79,2.88,1.56,2.44,1474.73,1459.46,15.27,0.8,3.2,0,3,2,1.6,2.6,0,2,3,0,0,0,0.0,0.0
2023-09-30 00:00:00,FC Koln,Stuttgart,0,2,A,2.85,3.65,2.42,1.69,2.2,1445.46,1540.17,-94.71,0.8,1.8,0,1,4,3.4,1.4,4,0,1,0,0,0,0.0,0.0
2023-09-30 00:00:00,Heidenheim,Union Berlin,1,0,H,3.07,3.65,2.27,1.78,2.07,1474.86,1483.9,-9.04,1.8,2.6,1,1,3,1.8,1.8,2,0,3,0,0,0,0.0,0.0
2023-09-30 00:00:00,Mainz,Leverkusen,0,3,A,5.65,4.64,1.54,1.54,2.48,1443.17,1554.57,-111.39,0.8,2.8,0,1,4,3.4,1.2,4,1,0,0,0,0,0.0,0.0
2023-09-30 00:00:00,Wolfsburg,Ein Frankfurt,2,0,H,2.11,3.55,3.51,1.92,1.91,1512.45,1510.2,2.24,1.4,1.2,3,0,2,0.8,0.6,1,4,0,0,0,0,0.0,0.0
2023-09-30 00:00:00,RB Leipzig,Bayern Munich,2,2,D,3.56,4.21,1.93,1.4,2.96,1543.57,1555.09,-11.52,2.8,0.8,4,0,1,3.6,0.8,4,1,0,0,0,0,0.0,0.0
2023-10-01 00:00:00,Freiburg,Augsburg,2,0,H,1.72,4.13,4.59,1.65,2.26,1497.97,1486.42,11.55,1.0,2.0,2,1,2,1.8,2.6,1,2,2,0,0,0,0.0,0.0
2023-10-01 00:00:00,Darmstadt,Werder Bremen,4,2,H,2.8,3.7,2.42,1.68,2.22,1447.3,1485.8,-38.5,1.2,3.2,0,1,4,1.6,2.0,2,0,3,0,0,0,0.0,0.0
2023-10-06 00:00:00,M'gladbach,Mainz,2,2,D,2.06,3.87,3.42,1.58,2.42,1475.12,1432.83,42.29,1.4,2.0,1,1,3,0.6,2.6,0,1,4,0,0,0,0.0,0.0
2023-10-07 00:00:00,Werder Bremen,Hoffenheim,2,3,A,2.75,3.9,2.38,1.46,2.71,1469.15,1527.96,-58.82,2.0,2.0,2,0,3,2.4,1.4,4,0,1,0,0,0,0.0,0.0
2023-10-07 00:00:00,Stuttgart,Wolfsburg,3,1,H,2.0,3.76,3.64,1.67,2.23,1551.18,1527.35,23.83,2.8,1.4,4,0,1,1.4,1.2,3,0,2,0,0,0,0.0,0.0
2023-10-07 00:00:00,RB Leipzig,Bochum,0,0,D,1.24,6.81,11.15,1.35,3.21,1544.07,1459.07,85.0,2.8,0.6,4,1,0,1.0,2.8,0,3,2,0,0,0,0.0,0.0
2023-10-07 00:00:00,Dortmund,Union Berlin,4,2,H,1.61,4.38,5.31,1.63,2.31,1556.93,1468.51,88.43,2.2,1.2,3,2,0,1.0,1.8,1,0,4,0,0,0,0.0,0.0
2023-10-07 00:00:00,Augsburg,Darmstadt,1,2,A,1.9,3.87,3.95,1.69,2.21,1471.92,1463.95,7.96,1.0,2.2,1,1,3,2.0,3.4,1,1,3,0,0,0,0.0,0.0
2023-10-08 00:00:00,Leverkusen,FC Koln,3,0,H,1.34,5.58,8.69,1.48,2.65,1564.92,1434.45,130.47,3.4,0.8,4,1,0,0.8,2.0,0,1,4,0,0,0,0.0,0.0
2023-10-08 00:00:00,Bayern Munich,Freiburg,3,0,H,1.16,8.73,15.05,1.28,3.69,1554.59,1512.47,42.12,3.2,1.2,3,2,0,1.0,1.8,2,1,2,0,0,0,0.0,0.0
2023-10-08 00:00:00,Ein Frankfurt,Heidenheim,2,0,H,1.73,4.07,4.63,1.7,2.17,1495.3,1490.25,5.06,0.6,1.0,0,4,1,2.0,2.2,2,1,2,0,0,0,0.0,0.0
2023-10-20 00:00:00,Dortmund,Werder Bremen,1,0,H,1.3,6.52,8.74,1.27,3.76,1568.19,1456.66,111.53,2.8,1.4,4,1,0,2.4,2.4,2,0,3,0,0,0,0.0,0.0
2023-10-21 00:00:00,Darmstadt,RB Leipzig,1,3,A,6.54,4.92,1.46,1.51,2.54,1479.3,1540.47,-61.18,2.2,2.8,2,1,2,1.8,0.4,3,2,0,0,0,0,0.0,0.0
2023-10-21 00:00:00,Freiburg,Bochum,2,1,H,1.73,3.98,4.69,1.71,2.16,1499.28,1462.67,36.61,0.8,2.4,1,1,3,0.8,2.6,0,3,2,0,0,0,0.0,0.0
2023-10-21 00:00:00,Hoffenheim,Ein Frankfurt,1,3,A,2.12,3.67,3.37,1.69,2.21,1540.45,1510.08,30.37,2.4,1.4,4,0,1,0.8,0.8,1,3,1,0,0,0,0.0,0.0
2023-10-21 00:00:00,Union Berlin,Stuttgart,0,3,A,2.54,3.54,2.75,1.8,2.04,1457.24,1565.15,-107.91,0.6,2.4,0,0,5,3.2,0.6,5,0,0,0,0,0,0.0,0.0
2023-10-21 00:00:00,Wolfsburg,Leverkusen,1,2,A,4.47,4.12,1.75,1.55,2.48,1513.38,1574.53,-61.16,1.2,1.6,2,0,3,3.4,0.8,4,1,0,0,0,0,0.0,0.0
2023-10-21 00:00:00,Mainz,Bayern Munich,1,3,A,9.77,6.53,1.28,1.29,3.58,1434.64,1567.78,-133.14,0.8,2.8,0,1,4,3.2,1.0,3,2,0,0,0,0,0.0,0.0
2023-10-22 00:00:00,Heidenheim,Augsburg,2,5,A,2.4,3.62,2.87,1.71,2.17,1475.46,1456.57,18.89,1.6,2.0,2,1,2,1.0,2.0,1,1,3,0,0,0,0.0,0.0
2023-10-22 00:00:00,FC Koln,M'gladbach,3,1,H,2.38,3.72,2.86,1.59,2.39,1424.83,1473.3,-48.47,0.6,2.2,0,1,4,1.8,1.8,1,2,2,0,0,0,0.0,0.0
2023-10-27 00:00:00,Bochum,Mainz,2,2,D,2.72,3.54,2.56,1.75,2.11,1449.24,1425.13,24.12,0.6,2.6,0,2,3,1.0,2.6,0,1,4,0,0,0,0.0,0.0
2023-10-28 00:00:00,Augsburg,Wolfsburg,3,2,H,2.87,3.63,2.4,1.71,2.16,1472.39,1500.99,-28.6,1.6,2.0,2,0,3,1.2,1.4,2,0,3,0,0,0,0.0,0.0
2023-10-28 00:00:00,Bayern Munich,Darmstadt,8,0,H,1.07,14.36,28.45,1.17,4.98,1577.3,1466.91,110.39,3.4,1.0,3,2,0,2.2,2.4,2,1,2,0,0,0,0.0,0.0
2023-10-28 00:00:00,M'gladbach,Heidenheim,2,1,H,1.8,4.17,4.09,1.48,2.66,1456.22,1459.65,-3.43,1.8,2.0,1,2,2,1.6,2.6,2,0,3,0,0,0,0.0,0.0
2023-10-28 00:00:00,Stuttgart,Hoffenheim,2,3,A,1.86,4.14,3.82,1.49,2.63,1575.63,1524.14,51.49,2.8,0.6,5,0,0,2.0,1.8,3,0,2,0,0,0,0.0,0.0
2023-10-28 00:00:00,Werder Bremen,Union Berlin,2,0,H,2.68,3.54,2.61,1.81,2.03,1446.32,1446.76,-0.44,1.6,2.6,1,0,4,0.6,2.4,0,0,5,0,0,0,0.0,0.0
2023-10-28 00:00:00,RB Leipzig,FC Koln,6,0,H,1.44,4.97,7.1,1.57,2.42,1552.86,1441.91,110.95,1.8,0.6,3,2,0,1.0,2.2,1,0,4,0,0,0,0.0,0.0
2023-10-29 00:00:00,Ein Frankfurt,Dortmund,3,3,D,3.24,3.69,2.17,1.65,2.26,1526.39,1578.54,-52.15,1.2,0.8,2,2,1,2.6,1.0,5,0,0,0,0,0,0.0,0.0
2023-10-29 00:00:00,Leverkusen,Freiburg,2,1,H,1.29,6.01,10.41,1.48,2.65,1586.92,1512.71,74.22,2.8,0.8,4,1,0,1.2,1.6,2,1,2,0,0,0,0.0,0.0
2023-11-03 00:00:00,Darmstadt,Bochum,1,2,A,2.38,3.62,2.91,1.67,2.24,1456.52,1448.2,8.32,1.6,3.4,2,0,3,0.8,2.8,0,2,3,0,0,0,0.0,0.0
2023-11-04 00:00:00,Mainz,RB Leipzig,2,0,H,5.23,4.44,1.6,1.59,2.38,1426.16,1563.22,-137.06,1.2,2.4,0,2,3,2.4,0.6,3,2,0,0,0,0,0.0,0.0
2023-11-04 00:00:00,Hoffenheim,Leverkusen,2,3,A,4.85,4.82,1.59,1.32,3.35,1541.35,1598.76,-57.42,2.0,2.0,3,0,2,2.8,0.6,5,0,0,0,0,0,0.0,0.0
2023-11-04 00:00:00,FC Koln,Augsburg,1,1,D,2.35,3.72,2.89,1.63,2.33,1431.54,1488.62,-57.08,0.8,2.8,1,0,4,2.2,1.8,3,0,2,0,0,0,0.0,0.0
2023-11-04 00:00:00,Union Berlin,Ein Frankfurt,0,3,A,2.56,3.25,2.92,2.04,1.8,1431.74,1528.62,-96.89,0.4,2.4,0,0,5,1.6,1.2,2,2,1,0,0,0,0.0,0.0
2023-11-04 00:00:00,Freiburg,M'gladbach,3,3,D,2.1,3.85,3.28,1.59,2.38,1500.86,1471.37,29.49,1.0,1.2,2,1,2,1.6,1.6,2,1,2,0,0,0,0.0,0.0
2023-11-04 00:00:00,Dortmund,Bayern Munich,0,4,A,3.81,4.39,1.82,1.34,3.32,1576.3,1587.69,-11.39,2.4,1.2,4,1,0,4.6,0.6,4,1,0,0,0,0,0.0,0.0
2023-11-05 00:00:00,Heidenheim,Stuttgart,2,0,H,4.6,4.38,1.68,1.48,2.65,1444.5,1558.43,-113.93,1.0,2.6,1,0,4,2.6,1.0,4,0,1,0,0,0,0.0,0.0
2023-11-05 00:00:00,Wolfsburg,Werder Bremen,2,2,D,1.73,4.3,4.32,1.45,2.72,1484.76,1461.34,23.42,1.2,1.8,1,0,4,1.6,1.8,2,0,3,0,0,0,0.0,0.0
2023-11-10 00:00:00,M'gladbach,Wolfsburg,4,0,H,2.38,3.76,2.82,1.53,2.54,1472.64,1483.75,-11.11,2.2,2.0,2,2,1,1.6,2.0,1,1,3,0,0,0,0.0,0.0
2023-11-11 00:00:00,Augsburg,Hoffenheim,1,1,D,2.6,3.8,2.53,1.47,2.69,1486.18,1528.8,-42.63,2.0,1.8,2,1,2,2.0,2.6,2,0,3,0,0,0,0.0,0.0
2023-11-11 00:00:00,Bayern Munich,Heidenheim,4,2,H,1.06,15.98,30.37,1.16,5.07,1602.2,1464.25,137.95,4.0,0.6,4,1,0,1.2,1.8,2,0,3,0,0,0,0.0,0.0
2023-11-11 00:00:00,Darmstadt,Mainz,0,0,D,2.99,3.67,2.31,1.66,2.22,1441.16,1446.79,-5.63,1.6,3.2,2,0,3,1.4,2.0,1,2,2,0,0,0,0.0,0.0
2023-11-11 00:00:00,Stuttgart,Dortmund,2,1,H,2.59,3.79,2.56,1.47,2.7,1538.68,1561.79,-23.12,2.0,1.2,3,0,2,2.2,2.0,3,1,1,0,0,0,0.0,0.0
2023-11-11 00:00:00,Bochum,FC Koln,1,1,D,2.45,3.62,2.82,1.69,2.2,1463.56,1433.98,29.58,1.2,1.6,1,2,2,0.8,2.6,1,1,3,0,0,0,0.0,0.0
2023-11-12 00:00:00,Leverkusen,Union Berlin,4,0,H,1.28,6.03,10.54,1.57,2.41,1611.31,1420.82,190.49,2.6,0.8,5,0,0,0.4,2.6,0,0,5,0,0,0,0.0,0.0
2023-11-12 00:00:00,Werder Bremen,Ein Frankfurt,2,2,D,3.0,3.58,2.34,1.72,2.15,1462.35,1539.55,-77.2,1.6,2.0,1,1,3,2.2,1.2,3,1,1,0,0,0,0.0,0.0
2023-11-12 00:00:00,RB Leipzig,Freiburg,3,1,H,1.45,4.88,6.67,1.56,2.45,1542.6,1499.59,43.01,2.2,1.0,2,2,1,1.6,1.8,2,1,2,0,0,0,0.0,0.0
2023-11-24 00:00:00,FC Koln,Bayern Munich,0,1,A,10.51,6.77,1.26,1.33,3.32,1435.26,1611.54,-176.28,1.0,2.4,1,2,2,4.4,0.6,5,0,0,0,0,0,0.0,0.0
2023-11-25 00:00:00,Ein Frankfurt,Stuttgart,1,2,A,2.62,3.67,2.6,1.7,2.19,1536.27,1554.67,-18.41,2.6,1.2,3,2,0,2.0,1.4,3,0,2,0,0,0,0.0,0.0
2023-11-25 00:00:00,Wolfsburg,RB Leipzig,2,1,H,3.77,3.94,1.92,1.6,2.36,1468.27,1555.75,-87.48,1.2,2.8,0,1,4,2.4,0.8,3,1,1,0,0,0,0.0,0.0
2023-11-25 00:00:00,Werder Bremen,Leverkusen,0,3,A,6.24,5.13,1.46,1.38,3.04,1465.62,1618.82,-153.19,1.6,1.6,1,2,2,2.8,0.8,5,0,0,0,0,0,0.0,0.0
2023-11-25 00:00:00,Freiburg,Darmstadt,1,1,D,1.58,4.37,5.6,1.66,2.27,1486.44,1441.41,45.03,1.4,2.4,1,1,3,0.8,2.8,1,1,3,0,0,0,0.0,0.0
2023-11-25 00:00:00,Dortmund,M'gladbach,4,2,H,1.48,5.23,5.77,1.31,3.4,1545.8,1488.12,57.68,1.8,2.2,2,1,2,2.4,1.8,2,2,1,0,0,0,0.0,0.0
2023-11-25 00:00:00,Union Berlin,Augsburg,1,1,D,2.01,3.63,3.76,1.93,1.9,1413.3,1488.01,-74.7,0.4,3.2,0,0,5,2.2,1.6,2,2,1,0,0,0,0.0,0.0
2023-11-26 00:00:00,Heidenheim,Bochum,0,0,D,2.22,3.76,3.07,1.63,2.31,1454.91,1462.29,-7.38,1.4,2.6,1,0,4,1.2,1.2,1,3,1,0,0,0,0.0,0.0
2023-11-26 00:00:00,Hoffenheim,Mainz,1,1,D,1.85,4.04,3.94,1.6,2.39,1526.97,1446.55,80.42,2.0,2.2,2,1,2,1.4,1.4,1,3,1,0,0,0,0.0,0.0
2023-12-01 00:00:00,Darmstadt,FC Koln,0,1,A,2.68,3.51,2.63,1.79,2.06,1443.34,1427.28,16.06,0.6,2.8,0,2,3,1.0,2.0,1,2,2,0,0,0,0.0,0.0
2023-12-02 00:00:00,RB Leipzig,Heidenheim,2,1,H,1.24,7.01,10.83,1.38,3.04,1537.05,1455.23,81.82,2.6,1.2,3,0,2,1.4,2.2,1,1,3,0,0,0,0.0,0.0
2023-12-02 00:00:00,M'gladbach,Hoffenheim,2,1,H,2.25,4.07,2.85,1.36,3.11,1475.59,1523.56,-47.97,2.4,2.2,2,1,2,1.6,2.0,1,2,2,0,0,0,0.0,0.0
2023-12-02 00:00:00,Stuttgart,Werder Bremen,2,0,H,1.41,5.18,7.35,1.49,2.62,1568.88,1456.84,112.04,1.8,1.4,3,0,2,1.2,1.6,1,2,2,0,0,0,0.0,0.0
2023-12-02 00:00:00,Bochum,Wolfsburg,3,1,H,2.66,3.65,2.58,1.66,2.26,1461.97,1486.97,-25.0,1.2,1.2,1,3,1,1.4,2.4,1,1,3,0,0,0,0.0,0.0
2023-12-03 00:00:00,Augsburg,Ein Frankfurt,2,1,H,2.68,3.58,2.59,1.78,2.06,1484.83,1522.06,-37.23,2.2,1.4,2,3,0,2.4,1.6,2,2,1,0,0,0,0.0,0.0
2023-12-03 00:00:00,Leverkusen,Dortmund,1,1,D,1.67,4.5,4.57,1.38,3.07,1627.6,1558.33,69.27,2.8,0.8,5,0,0,1.8,2.2,2,1,2,0,0,0,0.0,0.0
2023-12-03 00:00:00,Mainz,Freiburg,0,1,A,2.29,3.53,3.12,1.91,1.92,1449.96,1484.51,-34.54,1.2,1.2,1,3,1,1.6,2.0,1,2,2,0,0,0,0.0,0.0
2023-12-08 00:00:00,Hoffenheim,Bochum,3,1,H,1.72,4.25,4.44,1.48,2.67,1506.5,1478.05,28.46,1.6,1.8,1,2,2,1.6,1.0,2,3,0,0,0,0,0.0,0.0
2023-12-09 00:00:00,Ein Frankfurt,Bayern Munich,5,1,H,8.81,5.82,1.32,1.42,2.85,1505.46,1619.52,-114.06,2.0,1.8,1,2,2,4.0,0.6,5,0,0,0,0,0,0.0,0.0
2023-12-09 00:00:00,Heidenheim,Darmstadt,3,2,H,2.08,3.66,3.48,1.77,2.07,1443.7,1427.65,16.05,1.2,1.6,1,1,3,0.4,2.4,0,2,3,0,0,0,0.0,0.0
2023-12-09 00:00:00,Union Berlin,M'gladbach,3,1,H,2.15,3.66,3.29,1.74,2.13,1416.48,1492.65,-76.17,0.2,2.6,0,1,4,2.6,1.8,3,1,1,0,0,0,0.0,0.0
2023-12-09 00:00:00,Werder Bremen,Augsburg,2,0,H,2.42,3.71,2.77,1.61,2.35,1446.52,1501.43,-54.92,1.2,1.8,1,2,2,1.6,1.2,2,3,0,0,0,0,0.0,0.0
2023-12-09 00:00:00,Wolfsburg,Freiburg,0,1,A,2.27,3.68,3.03,1.7,2.18,1470.89,1498.02,-27.13,1.4,2.6,1,1,3,1.4,1.8,1,2,2,0,0,0,0.0,0.0
2023-12-09 00:00:00,Dortmund,RB Leipzig,2,3,A,2.55,3.89,2.54,1.43,2.81,1561.28,1548.58,12.7,1.8,2.4,1,2,2,2.4,1.2,3,0,2,0,0,0,0.0,0.0
2023-12-10 00:00:00,Stuttgart,Leverkusen,1,1,D,2.88,3.78,2.32,1.53,2.49,1579.2,1624.65,-45.45,1.6,1.4,3,0,2,2.6,0.8,4,1,0,0,0,0,0.0,0.0
2023-12-10 00:00:00,FC Koln,Mainz,0,0,D,2.39,3.49,2.97,1.89,1.94,1442.97,1436.45,6.52,0.6,1.8,1,2,2,1.0,0.8,1,3,1,0,0,0,0.0,0.0
2023-12-15 00:00:00,M'gladbach,Werder Bremen,2,2,D,2.0,3.96,3.48,1.52,2.54,1474.41,1463.87,10.54,2.4,2.2,2,1,2,1.2,1.8,1,2,2,0,0,0,0.0,0.0
2023-12-16 00:00:00,Augsburg,Dortmund,1,1,D,3.5,4.2,1.93,1.43,2.82,1484.08,1545.73,-61.65,1.0,1.2,1,3,1,1.6,2.4,1,1,3,0,0,0,0.0,0.0
2023-12-16 00:00:00,Bochum,Union Berlin,3,0,H,2.68,3.46,2.64,1.93,1.9,1464.27,1434.72,29.55,1.4,1.2,2,2,1,0.8,2.2,1,1,3,0,0,0,0.0,0.0
2023-12-16 00:00:00,Darmstadt,Wolfsburg,0,1,A,3.21,3.62,2.21,1.75,2.11,1413.34,1457.06,-43.72,0.8,1.4,0,2,3,1.0,2.2,1,1,3,0,0,0,0.0,0.0
2023-12-16 00:00:00,Mainz,Heidenheim,0,1,A,1.68,4.22,4.77,1.66,2.27,1436.73,1458.01,-21.28,0.6,0.4,1,3,1,1.6,1.6,2,1,2,0,0,0,0.0,0.0
2023-12-16 00:00:00,RB Leipzig,Hoffenheim,3,1,H,1.45,5.21,6.14,1.37,3.1,1564.13,1520.28,43.85,1.8,1.6,3,0,2,1.6,1.6,1,2,2,0,0,0,0.0,0.0
2023-12-17 00:00:00,Bayern Munich,Stuttgart,3,0,H,1.46,5.29,6.01,1.35,3.18,1599.76,1581.16,18.61,3.6,1.4,4,0,1,1.4,1.0,3,1,1,0,0,0,0.0,0.0
2023-12-17 00:00:00,Freiburg,FC Koln,2,0,H,1.83,3.77,4.36,1.87,1.96,1511.85,1442.69,69.16,1.4,1.4,2,2,1,0.6,0.6,1,3,1,0,0,0,0.0,0.0
2023-12-17 00:00:00,Leverkusen,Ein Frankfurt,3,0,H,1.35,5.48,8.06,1.47,2.69,1622.7,1525.22,97.49,2.4,0.8,3,2,0,2.4,1.4,2,1,2,0,0,0,0.0,0.0
2023-12-19 00:00:00,Werder Bremen,RB Leipzig,1,1,D,5.06,4.62,1.6,1.45,2.76,1464.32,1577.25,-112.92,1.2,1.8,1,2,2,2.4,1.4,4,0,1,0,0,0,0.0,0.0
2023-12-19 00:00:00,Hoffenheim,Darmstadt,3,3,D,1.45,4.97,6.55,1.48,2.65,1507.16,1400.22,106.94,1.4,1.6,1,2,2,0.6,1.2,0,2,3,0,0,0,0.0,0.0
2023-12-19 00:00:00,Dortmund,Mainz,1,1,D,1.54,4.84,5.46,1.46,2.74,1543.1,1422.65,120.45,1.8,1.8,1,2,2,0.2,0.6,0,3,2,0,0,0,0.0,0.0
2023-12-20 00:00:00,Stuttgart,Augsburg,3,0,H,1.37,5.34,7.83,1.48,2.67,1566.96,1486.72,80.24,1.4,1.2,3,1,1,1.0,1.2,1,3,1,0,0,0,0.0,0.0
2023-12-20 00:00:00,Wolfsburg,Bayern Munich,1,2,A,7.57,5.63,1.36,1.39,3.01,1470.18,1613.96,-143.78,0.8,1.8,2,0,3,2.6,1.4,4,0,1,0,0,0,0.0,0.0
2023-12-20 00:00:00,Heidenheim,Freiburg,3,2,H,2.85,3.59,2.43,1.74,2.12,1472.09,1523.9,-51.81,1.4,1.6,2,1,2,1.2,0.8,3,1,1,0,0,0,0.0,0.0
2023-12-20 00:00:00,Leverkusen,Bochum,4,0,H,1.19,7.95,13.9,1.37,3.11,1633.6,1478.0,155.6,2.4,0.4,3,2,0,1.6,1.0,2,2,1,0,0,0,0.0,0.0
2023-12-20 00:00:00,Union Berlin,FC Koln,2,0,H,1.95,3.58,4.02,2.0,1.84,1420.99,1430.63,-9.64,0.8,2.4,1,1,3,0.4,0.8,1,2,2,0,0,0,0.0,0.0
2023-12-20 00:00:00,Ein Frankfurt,M'gladbach,2,1,H,1.87,3.97,3.91,1.61,2.34,1514.32,1473.95,40.36,1.8,2.0,1,1,3,2.2,2.0,2,1,2,0,0,0,0.0,0.0
2024-01-12 00:00:00,Bayern Munich,Hoffenheim,3,0,H,1.15,9.39,15.67,1.21,4.38,1623.09,1502.68,120.4,2.2,1.6,4,0,1,1.8,2.0,1,2,2,0,0,0,0.0,0.0
2024-01-13 00:00:00,Augsburg,Leverkusen,0,1,A,5.67,4.63,1.54,1.54,2.49,1475.12,1642.3,-167.18,0.8,1.6,1,2,2,2.4,0.4,3,2,0,0,0,0,0.0,0.0
2024-01-13 00:00:00,FC Koln,Heidenheim,1,1,D,2.08,3.71,3.45,1.73,2.14,1415.22,1489.31,-74.09,0.2,1.0,1,1,3,1.6,1.2,3,1,1,0,0,0,0.0,0.0
2024-01-13 00:00:00,Freiburg,Union Berlin,0,0,D,2.09,3.58,3.52,1.98,1.85,1506.68,1436.41,70.28,1.4,0.8,3,1,1,1.2,1.8,2,1,2,0,0,0,0.0,0.0
2024-01-13 00:00:00,Mainz,Wolfsburg,1,1,D,2.22,3.49,3.3,1.91,1.92,1427.65,1461.06,-33.41,0.4,0.8,0,3,2,1.0,1.4,2,0,3,0,0,0,0.0,0.0
2024-01-13 00:00:00,RB Leipzig,Ein Frankfurt,0,1,A,1.44,4.98,6.88,1.51,2.59,1572.54,1527.58,44.95,2.0,1.4,3,1,1,1.8,1.8,2,0,3,0,0,0,0.0,0.0
2024-01-13 00:00:00,Darmstadt,Dortmund,0,3,A,5.44,4.74,1.54,1.45,2.75,1404.69,1538.1,-133.4,1.2,1.8,0,2,3,1.8,1.6,1,3,1,0,0,0,0.0,0.0
2024-01-14 00:00:00,M'gladbach,Stuttgart,3,1,H,3.6,4.05,1.93,1.51,2.58,1460.69,1578.55,-117.86,1.6,2.4,1,1,3,1.6,1.0,3,1,1,0,0,0,0.0,0.0
2024-01-14 00:00:00,Bochum,Werder Bremen,1,1,D,2.19,3.72,3.15,1.64,2.28,1469.3,1469.03,0.27,1.4,1.6,2,1,2,1.0,1.6,1,2,2,0,0,0,0.0,0.0
2024-01-20 00:00:00,Bochum,Stuttgart,1,0,H,3.65,3.87,1.97,1.67,2.24,1469.29,1558.65,-89.36,1.6,1.8,2,1,2,1.4,1.4,2,1,2,0,1,0,0.0,5.0
2024-01-20 00:00:00,FC Koln,Dortmund,0,4,A,4.32,4.22,1.75,1.54,2.49,1418.37,1547.61,-129.24,0.4,1.0,1,2,2,1.6,1.2,1,3,1,0,1,0,0.0,1.0
2024-01-20 00:00:00,Darmstadt,Ein Frankfurt,2,2,D,3.82,3.7,1.96,1.84,2.0,1395.19,1544.51,-149.33,1.0,2.2,0,1,4,1.8,1.4,3,0,2,0,1,0,0.0,1.0
2024-01-20 00:00:00,Freiburg,Hoffenheim,3,2,H,2.05,3.84,3.42,1.64,2.29,1503.69,1492.68,11.0,1.2,0.6,3,1,1,1.6,2.4,1,1,3,1,0,0,2.0,1.0
2024-01-20 00:00:00,Heidenheim,Wolfsburg,1,1,D,2.71,3.55,2.56,1.77,2.09,1486.16,1459.62,26.54,1.8,1.4,3,1,1,0.8,1.4,1,1,3,0,1,0,0.0,2.0
2024-01-20 00:00:00,RB Leipzig,Leverkusen,2,3,A,2.44,3.75,2.74,1.6,2.38,1555.61,1650.59,-94.98,1.8,1.2,3,1,1,2.0,0.4,3,2,0,0,1,0,2.0,3.0
2024-01-21 00:00:00,Bayern Munich,Werder Bremen,0,1,A,1.09,11.9,24.26,1.21,4.34,1633.09,1469.05,164.04,2.0,1.2,4,0,1,1.2,1.2,1,3,1,1,0,0,4.0,0.0
2024-01-21 00:00:00,M'gladbach,Augsburg,1,2,A,1.92,3.97,3.67,1.54,2.46,1480.59,1466.83,13.76,1.8,1.8,2,1,2,0.6,1.6,1,1,3,0,0,1,4.0,4.0
2024-01-24 00:00:00,Bayern Munich,Union Berlin,1,0,H,1.16,8.09,17.3,1.4,2.94,1611.49,1439.4,172.09,1.8,1.4,3,0,2,1.2,1.0,2,2,1,0,0,0,0.0,0.0
2024-01-26 00:00:00,Ein Frankfurt,Mainz,1,0,H,2.14,3.46,3.52,2.04,1.8,1538.43,1429.09,109.35,2.0,1.4,3,1,1,0.4,0.8,0,3,2,0,0,1,1.0,1.0
2024-01-27 00:00:00,Leverkusen,M'gladbach,0,0,D,1.28,6.31,9.71,1.38,3.08,1661.59,1465.0,196.59,2.4,0.6,4,1,0,1.6,2.0,1,1,3,1,0,0,3.0,0.0
2024-01-27 00:00:00,Wolfsburg,FC Koln,1,1,D,1.84,3.79,4.28,1.83,2.02,1460.76,1408.71,52.06,0.8,1.0,1,2,2,0.2,1.8,0,2,3,1,0,0,2.0,1.0
2024-01-27 00:00:00,Werder Bremen,Freiburg,3,1,H,2.45,3.55,2.83,1.77,2.06,1490.64,1518.21,-27.57,1.4,0.8,2,3,0,1.6,1.0,3,1,1,0,1,0,0.0,1.0
2024-01-27 00:00:00,Hoffenheim,Heidenheim,1,1,D,1.7,4.28,4.55,1.5,2.55,1478.16,1485.01,-6.86,1.8,2.6,1,1,3,1.8,1.2,3,2,0,1,0,0,3.0,2.0
2024-01-27 00:00:00,Augsburg,Bayern Munich,2,3,A,9.05,6.01,1.31,1.39,3.04,1482.42,1619.61,-137.19,0.6,1.6,1,1,3,1.8,0.4,4,0,1,0,1,0,1.0,3.0
2024-01-27 00:00:00,Stuttgart,RB Leipzig,5,2,H,2.71,3.77,2.45,1.57,2.4,1539.88,1544.61,-4.73,1.0,1.6,1,1,3,1.8,1.6,2,1,2,0,1,0,1.0,5.0
2024-01-28 00:00:00,Union Berlin,Darmstadt,1,0,H,1.63,4.01,5.58,1.89,1.93,1431.28,1401.26,30.01,1.0,1.0,2,1,2,1.4,2.4,0,2,3,1,0,0,4.0,1.0
2024-01-28 00:00:00,Dortmund,Bochum,3,1,H,1.37,5.56,7.43,1.41,2.92,1557.27,1488.06,69.21,2.2,1.0,2,2,1,1.2,1.6,2,1,2,0,0,1,1.0,1.0
2024-02-02 00:00:00,Heidenheim,Dortmund,0,0,D,3.94,4.32,1.81,1.43,2.85,1484.72,1569.32,-84.6,1.4,1.0,2,3,0,2.4,0.6,3,2,0,0,0,1,2.0,2.0
2024-02-03 00:00:00,FC Koln,Ein Frankfurt,2,0,H,3.23,3.46,2.26,1.97,1.87,1410.94,1548.86,-137.93,0.4,2.0,0,2,3,1.2,1.2,3,1,1,0,0,1,1.0,1.0
2024-02-03 00:00:00,Mainz,Werder Bremen,0,1,A,2.1,3.53,3.53,1.95,1.89,1418.66,1506.83,-88.17,0.4,0.8,0,3,2,1.6,1.0,2,3,0,0,1,0,0.0,4.0
2024-02-03 00:00:00,Freiburg,Stuttgart,1,3,A,3.12,3.71,2.21,1.74,2.13,1502.03,1555.08,-53.05,1.6,1.6,2,1,2,1.8,1.8,2,0,3,0,1,0,0.0,5.0
2024-02-03 00:00:00,Bochum,Augsburg,1,1,D,2.18,3.62,3.25,1.74,2.08,1476.01,1473.06,2.96,1.2,1.6,2,1,2,1.0,1.8,1,1,3,0,0,1,2.0,2.0
2024-02-03 00:00:00,Bayern Munich,M'gladbach,3,1,H,1.15,8.9,16.45,1.24,4.07,1628.98,1472.68,156.3,1.8,0.8,4,0,1,1.4,1.4,1,2,2,1,0,0,2.0,1.0
2024-02-03 00:00:00,Darmstadt,Leverkusen,0,2,A,9.56,6.21,1.29,1.44,2.79,1387.56,1653.9,-266.35,1.0,2.0,0,2,3,2.2,0.4,4,1,0,0,1,0,1.0,5.0
2024-02-04 00:00:00,Wolfsburg,Hoffenheim,2,2,D,2.12,3.8,3.24,1.6,2.36,1458.53,1478.45,-19.92,1.0,1.0,1,3,1,1.4,2.6,0,2,3,0,1,0,1.0,3.0
2024-02-04 00:00:00,RB Leipzig,Union Berlin,2,0,H,1.4,5.0,7.76,1.63,2.3,1529.4,1444.98,84.42,1.6,2.2,1,1,3,0.6,0.8,2,1,2,1,0,0,3.0,0.0
2024-02-07 00:00:00,Mainz,Union Berlin,1,1,D,2.18,3.31,3.56,2.24,1.67,1407.38,1433.56,-26.17,0.4,1.0,0,2,3,0.6,0.6,2,1,2,0,1,0,1.0,4.0
2024-02-09 00:00:00,Dortmund,Freiburg,3,0,H,1.46,4.95,6.37,1.44,2.82,1565.74,1489.3,76.44,2.2,0.4,3,2,0,1.4,2.2,1,1,3,1,0,0,4.0,2.0
2024-02-10 00:00:00,Ein Frankfurt,Bochum,1,1,D,1.76,3.85,4.67,1.86,1.97,1528.2,1475.89,52.32,1.2,1.0,3,1,1,0.8,1.8,1,2,2,0,0,1,1.0,1.0
2024-02-10 00:00:00,Augsburg,RB Leipzig,2,2,D,4.21,4.23,1.76,1.52,2.56,1473.18,1540.83,-67.65,1.0,1.8,1,1,3,1.4,2.0,1,1,3,0,1,0,0.0,3.0
2024-02-10 00:00:00,M'gladbach,Darmstadt,0,0,D,1.6,4.32,5.37,1.68,2.23,1464.01,1382.23,81.78,1.2,1.6,1,1,3,1.0,2.2,0,2,3,0,0,1,3.0,3.0
2024-02-10 00:00:00,Union Berlin,Wolfsburg,1,0,H,2.3,3.37,3.21,2.09,1.77,1432.43,1459.39,-26.96,0.4,0.8,1,2,2,1.2,1.4,0,4,1,0,1,0,1.0,2.0
2024-02-10 00:00:00,Werder Bremen,Heidenheim,1,2,A,1.85,3.81,4.17,1.74,2.13,1518.11,1488.3,29.8,1.4,0.6,3,2,0,1.2,1.0,1,4,0,0,1,0,2.0,4.0
2024-02-10 00:00:00,Leverkusen,Bayern Munich,3,0,H,2.63,3.84,2.48,1.48,2.66,1659.23,1637.65,21.58,2.0,0.4,4,1,0,2.0,0.8,4,0,1,0,0,1,2.0,2.0
2024-02-11 00:00:00,Stuttgart,Mainz,3,1,H,1.44,4.7,7.27,1.71,2.16,1567.81,1408.51,159.3,2.4,1.4,3,0,2,0.6,1.0,0,3,2,1,0,0,3.0,1.0
2024-02-11 00:00:00,Hoffenheim,FC Koln,1,1,D,1.83,3.96,4.08,1.6,2.36,1477.6,1431.6,46.0,1.6,2.4,0,3,2,0.8,1.6,1,2,2,1,0,0,3.0,1.0
2024-02-16 00:00:00,FC Koln,Werder Bremen,0,1,A,2.5,3.4,2.88,1.98,1.86,1433.57,1501.82,-68.25,1.0,1.4,1,3,1,1.4,0.8,3,1,1,0,1,0,1.0,2.0
2024-02-17 00:00:00,Wolfsburg,Dortmund,1,1,D,3.22,3.82,2.13,1.58,2.42,1443.23,1577.49,-134.26,1.0,1.2,0,4,1,2.6,0.2,4,1,0,0,1,0,0.0,1.0
2024-02-17 00:00:00,RB Leipzig,M'gladbach,2,0,H,1.38,5.55,7.2,1.38,3.07,1537.94,1460.54,77.4,1.6,2.2,1,1,3,1.0,1.2,1,2,2,1,0,0,1.0,0.0
2024-02-17 00:00:00,Mainz,Augsburg,1,0,H,2.02,3.61,3.68,1.95,1.89,1399.95,1476.07,-76.12,0.6,1.4,0,2,3,1.4,1.6,1,2,2,0,1,0,1.0,2.0
2024-02-17 00:00:00,Darmstadt,Stuttgart,1,2,A,6.89,4.77,1.45,1.66,2.27,1385.7,1576.38,-190.68,0.4,1.6,0,2,3,2.4,1.6,3,0,2,0,1,0,1.0,3.0
2024-02-17 00:00:00,Heidenheim,Leverkusen,1,2,A,8.33,5.58,1.35,1.52,2.56,1504.58,1673.3,-168.71,1.0,0.8,1,4,0,1.8,0.4,4,1,0,0,1,0,1.0,4.0
2024-02-17 00:00:00,Hoffenheim,Union Berlin,0,1,A,2.04,3.7,3.54,1.78,2.08,1475.62,1448.59,27.03,1.2,2.0,0,3,2,0.6,0.8,2,1,2,1,0,0,2.0,0.0
2024-02-18 00:00:00,Freiburg,Ein Frankfurt,3,3,D,2.32,3.4,3.13,2.0,1.83,1477.55,1525.96,-48.41,1.0,2.2,1,1,3,1.0,1.0,2,2,1,0,0,1,0.0,0.0
2024-02-18 00:00:00,Bochum,Bayern Munich,3,2,H,8.25,5.75,1.33,1.41,2.92,1478.13,1623.58,-145.45,1.0,1.2,1,3,1,1.4,1.4,3,0,2,0,1,0,0.0,7.0
2024-02-23 00:00:00,Leverkusen,Mainz,2,1,H,1.26,6.22,11.85,1.58,2.42,1681.54,1418.18,263.36,2.0,0.6,4,1,0,0.6,1.2,1,1,3,1,0,0,3.0,0.0
2024-02-24 00:00:00,M'gladbach,Bochum,5,2,H,2.01,3.83,3.52,1.63,2.31,1448.83,1499.06,-50.24,0.4,1.4,0,2,3,1.4,1.4,2,2,1,1,0,0,3.0,1.0
2024-02-24 00:00:00,Stuttgart,FC Koln,1,1,D,1.32,5.63,9.5,1.54,2.49,1583.88,1421.48,162.4,2.6,1.2,4,0,1,0.8,1.4,1,2,2,1,0,0,2.0,0.0
2024-02-24 00:00:00,Werder Bremen,Darmstadt,1,1,D,1.68,4.04,5.03,1.81,2.03,1513.91,1378.19,135.72,1.4,0.6,4,0,1,0.6,1.4,0,2,3,0,1,0,2.0,4.0
2024-02-24 00:00:00,Bayern Munich,RB Leipzig,2,1,H,1.69,4.41,4.46,1.42,2.9,1602.64,1549.66,52.99,1.8,1.8,3,0,2,2.0,2.0,2,1,2,0,0,1,2.0,2.0
2024-02-24 00:00:00,Union Berlin,Heidenheim,2,2,D,2.01,3.52,3.82,2.03,1.81,1464.76,1496.35,-31.59,0.8,0.6,3,1,1,1.0,1.0,1,3,1,0,1,0,0.0,1.0
2024-02-25 00:00:00,Ein Frankfurt,Wolfsburg,2,2,D,2.25,3.47,3.22,1.93,1.89,1523.88,1448.75,75.13,1.4,1.6,1,3,1,1.0,1.2,0,4,1,0,1,0,0.0,2.0
2024-02-25 00:00:00,Dortmund,Hoffenheim,2,3,A,1.51,5.0,5.42,1.32,3.36,1571.97,1459.46,112.51,2.2,0.4,3,2,0,1.2,1.6,0,3,2,1,0,0,3.0,1.0
2024-02-25 00:00:00,Augsburg,Freiburg,2,1,H,2.28,3.6,3.05,1.77,2.07,1457.83,1479.62,-21.79,1.4,1.6,1,2,2,1.6,2.8,1,1,3,0,1,0,0.0,2.0
2024-03-01 00:00:00,Freiburg,Bayern Munich,2,2,D,5.97,4.78,1.5,1.52,2.56,1463.68,1615.37,-151.69,1.2,2.8,0,1,4,2.0,2.0,3,0,2,0,1,0,0.0,3.0
2024-03-02 00:00:00,Union Berlin,Dortmund,0,2,A,3.44,3.6,2.11,1.74,2.13,1466.12,1552.27,-86.16,1.0,1.0,2,2,1,1.8,1.0,2,2,1,0,1,0,2.0,4.0
2024-03-02 00:00:00,Mainz,M'gladbach,1,1,D,1.97,3.76,3.71,1.78,2.07,1412.78,1465.98,-53.2,0.8,1.4,1,1,3,1.2,1.4,1,2,2,0,0,1,2.0,2.0
2024-03-02 00:00:00,Wolfsburg,Stuttgart,2,3,A,3.26,3.58,2.19,1.73,2.14,1451.95,1577.34,-125.39,1.2,1.4,0,4,1,2.8,1.2,4,1,0,0,1,0,1.0,3.0
2024-03-02 00:00:00,Heidenheim,Ein Frankfurt,1,2,A,2.8,3.39,2.56,1.9,1.93,1494.99,1520.69,-25.71,1.2,1.2,1,3,1,1.4,1.6,1,3,1,0,1,0,0.0,2.0
2024-03-02 00:00:00,Bochum,RB Leipzig,1,4,A,4.76,4.4,1.65,1.51,2.57,1481.91,1536.93,-55.02,1.6,2.4,1,2,2,1.8,1.8,2,1,2,0,0,1,0.0,0.0
2024-03-02 00:00:00,Darmstadt,Augsburg,0,6,A,2.85,3.44,2.48,1.81,2.04,1383.77,1473.77,-90.0,0.4,1.2,0,2,3,1.4,1.6,1,2,2,1,0,0,2.0,1.0
2024-03-03 00:00:00,FC Koln,Leverkusen,0,2,A,8.43,5.02,1.38,1.67,2.22,1428.02,1686.94,-258.92,1.0,0.8,1,3,1,1.8,0.4,4,1,0,0,1,0,0.0,3.0
2024-03-03 00:00:00,Hoffenheim,Werder Bremen,2,1,H,1.95,3.92,3.62,1.56,2.43,1479.15,1508.33,-29.18,1.4,1.4,1,3,1,1.4,0.8,3,1,1,1,0,0,3.0,2.0
2024-03-08 00:00:00,Stuttgart,Union Berlin,2,0,H,1.48,4.53,6.92,1.76,2.1,1587.15,1454.76,132.39,2.4,1.2,4,1,0,1.0,1.0,2,2,1,1,0,0,3.0,0.0
2024-03-09 00:00:00,Augsburg,Heidenheim,1,0,H,1.89,3.92,3.87,1.67,2.25,1484.97,1481.09,3.88,2.2,1.0,2,2,1,1.2,1.4,1,2,2,1,0,0,5.0,2.0
2024-03-09 00:00:00,Bayern Munich,Mainz,8,1,H,1.23,6.88,11.56,1.39,3.01,1609.21,1415.06,194.15,1.8,2.0,2,1,2,1.0,1.4,1,2,2,1,0,0,3.0,1.0
2024-03-09 00:00:00,RB Leipzig,Darmstadt,2,0,H,1.15,8.73,17.28,1.35,3.25,1549.57,1372.57,177.0,2.2,1.0,3,1,1,0.4,2.2,0,2,3,1,0,0,3.0,1.0
2024-03-09 00:00:00,Werder Bremen,Dortmund,1,2,A,3.77,4.08,1.88,1.46,2.72,1492.08,1563.63,-71.55,1.0,1.0,2,1,2,1.6,0.8,2,2,1,0,1,0,0.0,1.0
2024-03-09 00:00:00,M'gladbach,FC Koln,3,3,D,1.85,3.82,4.18,1.74,2.08,1463.7,1422.51,41.2,1.4,1.6,1,2,2,0.8,1.0,1,2,2,0,1,0,1.0,3.0
2024-03-10 00:00:00,Bochum,Freiburg,1,2,A,2.27,3.61,3.06,1.78,2.06,1469.27,1469.85,-0.58,1.6,2.6,1,2,2,1.4,2.6,0,2,3,0,1,0,1.0,2.0
2024-03-10 00:00:00,Ein Frankfurt,Hoffenheim,3,1,H,2.06,3.87,3.35,1.6,2.36,1534.58,1495.41,39.17,1.6,1.8,1,3,1,1.6,1.4,2,2,1,1,0,0,3.0,1.0
2024-03-10 00:00:00,Leverkusen,Wolfsburg,2,0,H,1.32,5.66,8.97,1.55,2.47,1692.45,1442.14,250.32,2.2,0.4,5,0,0,1.4,1.8,0,3,2,1,0,0,2.0,1.0
2024-03-15 00:00:00,FC Koln,RB Leipzig,1,5,A,6.54,4.72,1.48,1.61,2.38,1424.28,1557.53,-133.25,1.0,1.6,0,3,2,2.2,1.0,3,1,1,0,1,0,0.0,6.0
2024-03-16 00:00:00,Wolfsburg,Augsburg,1,3,A,2.09,3.64,3.44,1.77,2.08,1436.4,1499.8,-63.41,1.0,1.8,0,2,3,2.2,0.8,3,1,1,0,1,0,2.0,3.0
2024-03-16 00:00:00,Hoffenheim,Stuttgart,0,3,A,3.75,4.15,1.87,1.44,2.7,1482.09,1596.69,-114.6,1.4,1.6,2,1,2,2.2,1.0,4,1,0,1,0,0,3.0,2.0
2024-03-16 00:00:00,Union Berlin,Werder Bremen,2,1,H,2.03,3.56,3.7,1.96,1.88,1445.22,1480.12,-34.91,0.8,1.2,2,1,2,1.0,1.4,1,1,3,0,1,0,0.0,2.0
2024-03-16 00:00:00,Mainz,Bochum,2,0,H,1.78,3.88,4.47,1.8,2.04,1407.66,1454.29,-46.63,1.0,2.8,1,1,3,1.6,2.8,1,1,3,0,0,1,2.0,2.0
2024-03-16 00:00:00,Darmstadt,Bayern Munich,2,5,A,16.6,9.19,1.14,1.28,3.75,1364.61,1616.61,-251.99,0.4,2.2,0,2,3,2.8,2.0,2,1,2,0,1,0,0.0,8.0
2024-03-16 00:00:00,Heidenheim,M'gladbach,1,1,D,2.45,3.64,2.78,1.67,2.24,1466.26,1461.93,4.33,1.2,1.6,1,1,3,1.8,1.6,1,3,1,0,1,0,1.0,2.0
2024-03-17 00:00:00,Freiburg,Leverkusen,2,3,A,5.69,4.35,1.56,1.72,2.15,1484.82,1698.2,-213.38,1.6,2.2,1,2,2,2.2,0.4,5,0,0,0,1,0,1.0,2.0
2024-03-17 00:00:00,Dortmund,Ein Frankfurt,3,1,H,1.62,4.43,4.92,1.5,2.58,1575.58,1547.9,27.68,2.0,1.0,3,1,1,2.2,1.6,2,3,0,0,0,1,3.0,3.0
2024-03-30 00:00:00,Ein Frankfurt,Union Berlin,0,0,D,2.04,3.44,3.81,2.11,1.75,1534.09,1461.72,72.37,2.2,2.0,2,2,1,1.0,1.4,2,1,2,1,0,0,3.0,0.0
2024-03-30 00:00:00,Leverkusen,Hoffenheim,2,1,H,1.22,7.36,11.77,1.31,3.47,1704.99,1471.87,233.12,2.2,0.8,5,0,0,1.2,2.0,2,0,3,1,0,0,3.0,2.0
2024-03-30 00:00:00,M'gladbach,Freiburg,0,3,A,2.23,3.68,3.11,1.65,2.28,1462.12,1478.03,-15.91,2.0,1.8,1,3,1,2.0,2.2,1,2,2,0,0,1,3.0,3.0
2024-03-30 00:00:00,RB Leipzig,Mainz,0,0,D,1.38,5.3,7.65,1.53,2.52,1567.04,1424.67,142.38,2.8,0.8,4,0,1,1.2,2.2,2,1,2,0,1,0,0.0,2.0
2024-03-30 00:00:00,Werder Bremen,Wolfsburg,0,2,A,2.84,3.56,2.43,1.77,2.08,1463.62,1424.1,39.52,1.0,1.4,1,1,3,1.2,2.2,0,2,3,0,0,1,2.0,2.0
2024-03-30 00:00:00,Bayern Munich,Dortmund,0,2,A,1.4,5.71,6.47,1.24,4.08,1622.3,1589.39,32.91,3.8,1.8,3,1,1,2.0,1.2,3,1,1,1,0,0,4.0,0.0
2024-03-31 00:00:00,Bochum,Darmstadt,2,2,D,1.65,4.18,5.06,1.68,2.22,1437.29,1358.92,78.37,1.4,3.0,1,0,4,0.8,3.2,0,1,4,1,0,0,2.0,1.0
2024-03-31 00:00:00,Stuttgart,Heidenheim,3,3,D,1.27,6.35,10.32,1.41,2.91,1606.92,1466.07,140.85,2.2,0.8,4,1,0,1.0,1.6,0,2,3,0,1,0,0.0,2.0
2024-03-31 00:00:00,Augsburg,FC Koln,1,1,D,1.79,3.87,4.42,1.78,2.06,1512.1,1414.76,97.33,2.4,0.6,4,0,1,1.0,2.4,0,2,3,0,0,1,1.0,1.0
2024-04-05 00:00:00,Ein Frankfurt,Werder Bremen,1,1,D,1.79,3.9,4.44,1.73,2.15,1531.01,1446.92,84.09,1.6,1.4,2,2,1,0.8,1.8,0,1,4,0,0,1,2.0,2.0
2024-04-06 00:00:00,FC Koln,Bochum,2,1,H,2.3,3.59,3.05,1.8,2.04,1418.86,1433.96,-15.1,1.2,2.4,0,3,2,1.2,3.0,0,1,4,0,0,1,1.0,1.0
2024-04-06 00:00:00,Freiburg,RB Leipzig,1,4,A,4.63,4.27,1.69,1.54,2.49,1492.34,1561.22,-68.88,2.0,1.6,2,1,2,2.4,0.8,3,1,1,0,1,0,1.0,3.0
2024-04-06 00:00:00,Heidenheim,Bayern Munich,3,2,H,7.21,5.88,1.36,1.33,3.36,1471.84,1605.89,-134.04,1.4,1.8,0,3,2,3.4,1.6,3,1,1,0,1,0,2.0,4.0
2024-04-06 00:00:00,Mainz,Darmstadt,4,0,H,1.42,4.87,7.63,1.7,2.2,1430.49,1362.24,68.25,1.0,2.2,1,2,2,1.0,3.2,0,2,3,0,0,1,0.0,0.0
2024-04-06 00:00:00,Union Berlin,Leverkusen,0,1,A,6.02,4.28,1.56,1.82,2.02,1464.8,1711.21,-246.41,0.8,1.4,1,2,2,2.2,0.8,5,0,0,0,1,0,0.0,4.0
2024-04-06 00:00:00,Dortmund,Stuttgart,0,1,A,2.27,3.99,2.85,1.4,2.96,1605.81,1601.15,4.65,2.2,1.0,4,0,1,2.4,1.2,3,2,0,0,1,0,1.0,2.0
2024-04-07 00:00:00,Hoffenheim,Augsburg,3,1,H,2.25,3.93,2.91,1.48,2.67,1465.65,1508.0,-42.35,1.4,2.2,2,0,3,2.6,0.6,4,1,0,0,0,1,1.0,1.0
2024-04-07 00:00:00,Wolfsburg,M'gladbach,1,3,A,1.9,3.88,3.86,1.65,2.27,1440.8,1447.81,-7.0,1.4,2.0,1,1,3,2.0,2.0,1,3,1,0,1,0,0.0,4.0
2024-04-12 00:00:00,Augsburg,Union Berlin,2,0,H,2.13,3.48,3.51,1.94,1.9,1491.18,1458.95,32.23,2.4,1.0,3,1,1,0.4,1.2,1,1,3,0,0,1,1.0,1.0
2024-04-13 00:00:00,RB Leipzig,Wolfsburg,3,0,H,1.36,5.47,7.77,1.45,2.74,1573.28,1426.11,147.18,3.0,0.6,4,1,0,1.2,2.2,1,0,4,0,1,0,1.0,2.0
2024-04-13 00:00:00,Stuttgart,Ein Frankfurt,3,0,H,1.52,4.65,5.86,1.56,2.43,1616.35,1527.45,88.9,2.4,1.0,4,1,0,1.4,1.2,2,2,1,1,0,0,2.0,1.0
2024-04-13 00:00:00,M'gladbach,Dortmund,1,2,A,3.26,4.1,2.03,1.4,2.99,1462.5,1590.6,-128.1,1.6,1.8,1,3,1,1.8,0.6,4,0,1,0,1,0,2.0,4.0
2024-04-13 00:00:00,Bayern Munich,FC Koln,2,0,H,1.2,7.74,12.41,1.31,3.45,1585.37,1434.51,150.86,3.4,2.0,2,1,2,1.4,2.4,1,2,2,1,0,0,1.0,0.0
2024-04-13 00:00:00,Bochum,Heidenheim,1,1,D,2.1,3.72,3.38,1.66,2.25,1418.31,1492.36,-74.05,1.0,2.4,0,1,4,1.6,1.8,1,2,2,0,0,1,0.0,0.0
2024-04-13 00:00:00,Mainz,Hoffenheim,4,1,H,1.99,3.93,3.52,1.58,2.42,1442.58,1482.47,-39.89,1.6,1.8,2,2,1,1.4,2.0,2,0,3,0,0,1,1.0,1.0
2024-04-14 00:00:00,Darmstadt,Freiburg,0,1,A,3.96,3.92,1.86,1.66,2.26,1350.15,1480.28,-130.12,0.8,3.8,0,1,4,2.0,2.0,2,1,2,0,0,1,1.0,1.0
2024-04-14 00:00:00,Leverkusen,Werder Bremen,5,0,H,1.2,7.2,13.63,1.43,2.82,1717.05,1450.48,266.57,2.0,0.6,5,0,0,0.8,1.8,0,1,4,1,0,0,3.0,0.0
2024-04-19 00:00:00,Ein Frankfurt,Augsburg,3,1,H,2.05,3.77,3.48,1.67,2.26,1516.21,1504.79,11.41,1.0,1.6,1,2,2,1.6,1.0,3,1,1,0,1,0,1.0,2.0
2024-04-20 00:00:00,Wolfsburg,Bochum,1,0,H,1.79,3.98,4.32,1.68,2.22,1417.1,1421.46,-4.36,0.8,2.2,1,0,4,1.0,1.8,0,2,3,0,1,0,1.0,3.0
2024-04-20 00:00:00,Hoffenheim,M'gladbach,4,3,H,2.12,4.02,3.09,1.44,2.8,1465.76,1452.8,12.96,1.2,2.6,1,0,4,1.6,2.0,1,2,2,0,1,0,1.0,2.0
2024-04-20 00:00:00,Union Berlin,Bayern Munich,1,5,A,4.94,4.51,1.62,1.6,2.38,1445.34,1594.24,-148.9,0.4,1.2,1,1,3,3.4,1.6,3,0,2,0,1,0,0.0,1.0
2024-04-20 00:00:00,FC Koln,Darmstadt,0,2,A,1.5,4.57,6.35,1.65,2.28,1425.64,1340.52,85.12,1.4,2.4,1,2,2,0.8,2.8,0,1,4,1,0,0,1.0,0.0
2024-04-20 00:00:00,Heidenheim,RB Leipzig,1,2,A,6.24,5.1,1.46,1.44,2.8,1489.21,1582.28,-93.07,1.6,1.6,1,3,1,2.8,0.4,4,1,0,0,1,0,1.0,2.0
2024-04-21 00:00:00,Werder Bremen,Stuttgart,2,1,H,4.99,4.54,1.6,1.48,2.67,1445.16,1627.6,-182.43,0.6,2.4,0,1,4,2.4,0.6,4,1,0,0,1,0,0.0,2.0
2024-04-21 00:00:00,Dortmund,Leverkusen,1,1,D,2.55,3.84,2.55,1.48,2.58,1600.31,1722.37,-122.06,1.8,0.8,4,0,1,2.6,0.6,5,0,0,0,0,1,1.0,1.0
2024-04-21 00:00:00,Freiburg,Mainz,1,1,D,2.58,3.56,2.67,1.75,2.11,1489.91,1459.3,30.61,1.8,1.6,3,0,2,2.2,1.8,3,1,1,1,0,0,1.0,0.0
2024-04-26 00:00:00,Bochum,Hoffenheim,3,2,H,2.21,3.92,2.99,1.44,2.8,1406.27,1480.2,-73.93,0.8,1.6,0,2,3,1.8,2.6,2,0,3,0,1,0,1.0,3.0
2024-04-27 00:00:00,Augsburg,Werder Bremen,0,3,A,1.81,4.09,4.05,1.55,2.45,1490.29,1467.39,22.9,1.6,1.6,2,1,2,0.8,2.2,1,1,3,0,1,0,0.0,2.0
2024-04-27 00:00:00,Bayern Munich,Ein Frankfurt,2,1,H,1.41,5.4,6.67,1.36,3.17,1603.18,1530.71,72.46,2.8,1.6,3,0,2,1.0,1.6,1,2,2,0,1,0,1.0,5.0
2024-04-27 00:00:00,Freiburg,Wolfsburg,1,2,A,2.33,3.56,3.0,1.83,2.02,1488.59,1432.29,56.3,1.6,1.6,2,1,2,1.0,1.8,2,0,3,1,0,0,1.0,0.0
2024-04-27 00:00:00,RB Leipzig,Dortmund,4,1,H,1.68,4.41,4.51,1.4,2.98,1593.36,1605.37,-12.02,2.8,0.6,4,1,0,1.6,0.8,3,1,1,1,0,0,3.0,2.0
2024-04-27 00:00:00,Leverkusen,Stuttgart,2,2,D,1.75,4.22,4.27,1.55,2.46,1717.31,1605.37,111.94,2.4,0.8,4,1,0,2.2,1.0,3,1,1,0,0,1,1.0,1.0
2024-04-28 00:00:00,M'gladbach,Union Berlin,0,0,D,2.33,3.46,3.07,1.93,1.89,1438.36,1436.4,1.96,1.6,2.2,1,1,3,0.6,1.8,1,1,3,0,1,0,1.0,3.0
2024-04-28 00:00:00,Darmstadt,Heidenheim,0,1,A,3.33,3.71,2.11,1.67,2.23,1359.13,1478.13,-119.01,1.2,2.4,1,1,3,1.8,1.8,1,3,1,0,1,0,2.0,3.0
2024-04-28 00:00:00,Mainz,FC Koln,1,1,D,1.54,4.34,6.02,1.73,2.13,1460.61,1407.04,53.57,2.2,0.4,3,2,0,0.8,2.2,1,1,3,0,0,1,0.0,0.0
2024-05-03 00:00:00,Hoffenheim,RB Leipzig,1,1,D,5.4,5.19,1.51,1.26,3.85,1462.05,1608.88,-146.82,2.2,2.6,2,0,3,2.6,0.6,4,1,0,0,1,0,1.0,3.0
2024-05-04 00:00:00,Werder Bremen,M'gladbach,2,2,D,2.3,3.75,2.91,1.56,2.44,1483.37,1438.27,45.1,1.2,1.8,2,1,2,1.4,2.0,1,1,3,0,0,1,2.0,2.0
2024-05-04 00:00:00,Dortmund,Augsburg,5,1,H,1.85,4.32,3.69,1.32,3.33,1589.86,1474.3,115.56,1.2,1.4,2,1,2,1.0,2.0,1,1,3,0,0,1,1.0,1.0
2024-05-04 00:00:00,Stuttgart,Bayern Munich,3,1,H,2.13,4.04,3.07,1.41,2.9,1610.04,1615.09,-5.05,2.0,1.4,2,2,1,2.2,1.4,3,0,2,0,1,0,0.0,3.0
2024-05-04 00:00:00,Wolfsburg,Darmstadt,3,0,H,1.39,5.15,7.64,1.55,2.46,1449.7,1349.07,100.63,1.2,1.4,3,0,2,0.8,1.6,1,1,3,1,0,0,1.0,0.0
2024-05-04 00:00:00,FC Koln,Freiburg,0,0,D,2.36,3.64,2.9,1.75,2.11,1409.33,1471.18,-61.84,0.8,1.4,1,2,2,1.4,1.4,2,1,2,0,1,0,0.0,2.0
2024-05-05 00:00:00,Union Berlin,Bochum,3,4,A,1.97,3.47,4.02,2.05,1.78,1436.49,1424.42,12.07,0.2,1.6,0,2,3,1.4,1.6,1,2,2,0,1,0,0.0,3.0
2024-05-05 00:00:00,Ein Frankfurt,Leverkusen,1,5,A,3.16,3.59,2.23,1.71,2.15,1518.8,1712.64,-193.84,1.0,1.4,1,2,2,2.2,0.8,3,2,0,0,1,0,0.0,3.0
2024-05-05 00:00:00,Heidenheim,Mainz,1,1,D,2.99,3.58,2.33,1.7,2.19,1488.19,1458.32,29.87,1.8,1.6,2,2,1,2.0,0.6,2,3,0,1,0,0,1.0,0.0
2024-05-10 00:00:00,Augsburg,Stuttgart,0,1,A,3.88,4.34,1.81,1.36,3.16,1464.11,1625.26,-161.15,1.0,2.8,1,0,4,2.0,1.0,3,1,1,0,1,0,0.0,3.0
2024-05-11 00:00:00,FC Koln,Union Berlin,3,2,H,2.8,3.38,2.57,1.98,1.82,1411.98,1420.96,-8.99,0.6,1.2,1,2,2,0.8,2.4,0,1,4,0,1,0,0.0,2.0
2024-05-11 00:00:00,Freiburg,Heidenheim,1,1,D,1.73,4.06,4.59,1.63,2.31,1468.54,1486.9,-18.36,0.8,1.4,1,2,2,1.4,1.2,2,2,1,0,1,0,2.0,3.0
2024-05-11 00:00:00,M'gladbach,Ein Frankfurt,1,1,D,2.51,3.71,2.66,1.57,2.43,1440.21,1511.39,-71.19,1.8,1.8,1,2,2,1.2,2.4,1,1,3,0,1,0,1.0,2.0
2024-05-11 00:00:00,RB Leipzig,Werder Bremen,1,1,D,1.29,6.54,8.64,1.29,3.63,1602.89,1481.44,121.45,2.8,0.8,4,1,0,1.6,1.8,2,2,1,0,0,1,1.0,1.0
2024-05-11 00:00:00,Mainz,Dortmund,3,0,H,2.21,3.9,2.98,1.48,2.65,1459.61,1600.04,-140.44,2.2,0.8,2,3,0,1.8,1.6,2,1,2,0,0,1,1.0,1.0
2024-05-12 00:00:00,Bochum,Leverkusen,0,5,A,4.34,4.32,1.72,1.48,2.66,1439.94,1720.04,-280.1,1.8,1.8,2,1,2,2.8,0.8,3,2,0,0,1,0,0.0,4.0
2024-05-12 00:00:00,Bayern Munich,Wolfsburg,2,0,H,1.35,5.89,7.55,1.35,3.22,1599.87,1460.48,139.4,2.4,1.6,3,0,2,1.4,1.4,3,0,2,1,0,0,2.0,1.0
2024-05-12 00:00:00,Darmstadt,Hoffenheim,0,6,A,4.66,4.62,1.64,1.35,3.2,1338.3,1468.04,-129.74,0.4,1.8,1,0,4,2.2,2.4,2,1,2,0,0,1,3.0,3.0
2024-05-18 00:00:00,Dortmund,Darmstadt,4,0,H,1.16,8.99,14.24,1.21,4.43,1579.29,1328.65,250.64,1.8,2.0,2,1,2,0.4,2.2,1,0,4,1,0,0,3.0,0.0
2024-05-18 00:00:00,Ein Frankfurt,RB Leipzig,2,2,D,2.76,3.79,2.4,1.47,2.7,1508.36,1597.85,-89.49,1.2,2.4,1,1,3,2.2,0.8,3,2,0,1,0,0,1.0,0.0
2024-05-18 00:00:00,Heidenheim,FC Koln,4,1,H,2.35,3.97,2.74,1.51,2.59,1486.11,1427.36,58.74,1.0,1.0,1,3,1,0.8,1.4,1,2,2,0,0,1,1.0,1.0
2024-05-18 00:00:00,Hoffenheim,Bayern Munich,4,2,H,3.0,4.43,2.06,1.23,4.09,1477.69,1609.16,-131.47,2.8,2.2,2,1,2,2.4,1.0,4,0,1,0,1,0,0.0,3.0
2024-05-18 00:00:00,Leverkusen,Augsburg,2,1,H,1.29,6.59,8.71,1.24,4.01,1725.03,1455.61,269.42,3.6,0.8,3,2,0,0.8,2.4,1,0,4,1,0,0,1.0,0.0
2024-05-18 00:00:00,Stuttgart,M'gladbach,4,0,H,1.28,6.63,8.97,1.23,4.19,1633.76,1443.24,190.52,2.0,1.0,3,1,1,1.4,1.8,0,3,2,0,1,0,1.0,3.0
2024-05-18 00:00:00,Union Berlin,Freiburg,2,1,H,2.13,3.47,3.51,1.92,1.92,1405.58,1469.33,-63.75,1.2,2.8,0,1,4,0.8,0.8,1,3,1,0,0,1,0.0,0.0
2024-05-18 00:00:00,Werder Bremen,Bochum,4,1,H,2.38,3.67,2.86,1.54,2.48,1486.48,1434.95,51.53,1.6,1.8,2,2,1,1.6,2.4,2,1,2,0,0,1,1.0,1.0
2024-05-18 00:00:00,Wolfsburg,Mainz,1,3,A,3.23,3.58,2.21,1.75,2.11,1451.19,1480.36,-29.17,1.2,1.2,3,0,2,2.0,0.8,2,3,0,0,0,1,1.0,1.0
2024-08-23 00:00:00,M'gladbach,Leverkusen,2,3,A,5.16,4.53,1.58,1.47,2.68,1435.73,1730.28,-294.55,1.2,2.2,0,3,2,3.0,1.0,3,2,0,0,1,1,0.0,1.5
2024-08-24 00:00:00,Augsburg,Werder Bremen,2,2,D,2.28,3.56,3.07,1.72,2.15,1450.36,1499.27,-48.91,0.6,2.8,0,0,5,2.4,1.0,3,2,0,0,2,0,0.0,2.5
2024-08-24 00:00:00,Freiburg,Stuttgart,3,1,H,3.5,3.7,2.06,1.7,2.18,1451.61,1641.27,-189.67,0.8,1.2,0,3,2,2.2,1.0,3,1,1,0,2,0,0.5,4.0
2024-08-24 00:00:00,Hoffenheim,Holstein Kiel,3,2,H,1.65,4.33,4.85,1.53,2.49,1498.11,1500.0,-1.89,3.4,1.8,3,1,1,0.0,0.0,0,0,0,0,0,0,0.0,0.0
2024-08-24 00:00:00,Mainz,Union Berlin,1,1,D,2.05,3.3,4.01,2.23,1.68,1494.1,1423.3,70.8,1.8,0.8,2,3,0,1.6,2.6,1,1,3,0,1,1,1.0,2.5
2024-08-24 00:00:00,RB Leipzig,Bochum,1,0,H,1.25,6.58,10.53,1.36,3.14,1594.07,1422.16,171.91,2.0,1.2,2,3,0,1.6,3.0,2,0,3,1,0,1,2.0,0.5
2024-08-24 00:00:00,Dortmund,Ein Frankfurt,2,0,H,1.71,4.31,4.39,1.47,2.68,1585.02,1512.14,72.88,2.2,1.8,2,1,2,1.6,2.2,1,2,2,1,0,1,3.0,2.0
2024-08-25 00:00:00,Wolfsburg,Bayern Munich,2,3,A,6.32,4.93,1.46,1.44,2.76,1437.45,1588.74,-151.29,1.4,1.2,3,0,2,2.4,1.8,3,0,2,0,2,0,0.5,2.0
2024-08-25 00:00:00,St Pauli,Heidenheim,0,2,A,2.12,3.5,3.46,1.85,1.98,1500.0,1498.6,1.4,0.0,0.0,0,0,0,1.6,1.0,2,2,1,0,0,0,0.0,0.0
2024-08-30 00:00:00,Union Berlin,St Pauli,1,0,H,1.94,3.5,4.15,1.99,1.86,1426.31,1484.94,-58.63,1.6,1.8,1,2,2,0.0,2.0,0,0,1,0,0,0,0.0,0.0
2024-08-31 00:00:00,Bochum,M'gladbach,0,2,A,2.62,3.69,2.56,1.6,2.38,1414.03,1431.08,-17.05,1.6,3.0,2,0,3,1.0,2.0,0,3,2,0,2,0,1.5,4.0
2024-08-31 00:00:00,Leverkusen,RB Leipzig,2,3,A,1.8,4.14,4.05,1.48,2.65,1734.93,1602.2,132.73,3.4,1.2,4,1,0,1.8,1.0,2,3,0,2,0,0,3.0,2.0
2024-08-31 00:00:00,Ein Frankfurt,Hoffenheim,3,1,H,1.81,4.1,4.01,1.46,2.71,1500.24,1513.19,-12.94,1.0,2.4,0,2,3,3.2,1.6,3,1,1,2,0,0,3.0,1.0
2024-08-31 00:00:00,Holstein Kiel,Wolfsburg,0,2,A,3.2,3.69,2.18,1.7,2.18,1484.92,1428.59,56.32,2.0,3.0,0,0,1,1.6,1.8,2,0,3,0,0,0,0.0,0.0
2024-08-31 00:00:00,Werder Bremen,Dortmund,0,0,D,3.94,4.12,1.82,1.44,2.77,1497.17,1596.92,-99.75,2.4,1.2,2,3,0,2.4,1.6,3,0,2,0,2,0,0.5,1.5
2024-08-31 00:00:00,Stuttgart,Mainz,3,3,D,1.65,4.24,5.02,1.62,2.32,1618.81,1491.09,127.73,2.2,1.2,3,1,1,1.8,0.8,2,3,0,2,0,0,3.0,1.0
2024-09-01 00:00:00,Heidenheim,Augsburg,4,0,H,2.4,3.49,2.94,1.77,2.09,1513.66,1452.46,61.2,1.8,0.6,3,2,0,0.8,2.6,0,1,4,0,2,0,1.0,3.0
2024-09-01 00:00:00,Bayern Munich,Freiburg,2,0,H,1.21,7.74,11.63,1.24,3.96,1597.59,1474.07,123.52,2.0,2.0,3,0,2,1.2,1.2,1,2,2,1,0,1,2.5,1.0
2024-09-13 00:00:00,Dortmund,Heidenheim,4,2,H,1.39,5.26,7.6,1.5,2.62,1592.73,1526.04,66.69,2.2,0.8,3,1,1,2.4,0.6,3,2,0,0,0,2,1.0,1.0
2024-09-14 00:00:00,Hoffenheim,Leverkusen,1,4,A,5.78,4.94,1.5,1.31,3.41,1497.63,1714.46,-216.83,3.0,1.6,3,1,1,3.4,1.4,4,0,1,0,2,0,1.5,2.5
2024-09-14 00:00:00,M'gladbach,Stuttgart,1,3,A,2.81,3.94,2.31,1.44,2.78,1445.34,1613.53,-168.19,1.4,2.0,1,2,2,2.4,1.4,3,1,1,1,1,0,1.5,2.5
2024-09-14 00:00:00,RB Leipzig,Union Berlin,0,0,D,1.48,4.68,6.68,1.68,2.22,1622.67,1443.82,178.85,1.6,1.2,2,3,0,1.8,1.8,2,1,2,2,0,0,2.5,0.0
2024-09-14 00:00:00,Wolfsburg,Ein Frankfurt,1,2,A,2.69,3.53,2.58,1.73,2.09,1446.01,1515.8,-69.8,1.6,1.6,2,0,3,1.4,2.2,1,2,2,1,0,1,2.0,1.0
2024-09-14 00:00:00,Holstein Kiel,Bayern Munich,1,6,A,11.32,7.34,1.23,1.27,3.81,1467.51,1607.47,-139.96,1.0,2.5,0,0,2,2.0,1.8,3,0,2,0,0,0,0.0,0.0
2024-09-14 00:00:00,Freiburg,Bochum,2,1,H,1.71,4.06,4.72,1.66,2.27,1464.19,1399.76,64.42,1.0,1.2,1,2,2,1.0,3.0,1,0,4,2,0,0,2.0,1.0
2024-09-15 00:00:00,Augsburg,St Pauli,3,1,H,2.09,3.62,3.47,1.76,2.11,1440.07,1467.43,-27.36,0.8,2.8,0,1,4,0.0,1.5,0,0,2,0,0,0,0.0,0.0
2024-09-15 00:00:00,Mainz,Werder Bremen,1,2,A,2.04,3.66,3.57,1.75,2.09,1496.37,1501.36,-5.0,2.2,1.2,2,3,0,1.8,1.2,1,4,0,0,2,0,0.0,2.5
2024-09-20 00:00:00,Augsburg,Mainz,2,3,A,2.42,3.54,2.9,1.68,2.22,1456.25,1481.58,-25.33,1.2,2.0,1,1,3,2.2,1.4,2,2,1,1,1,0,1.0,1.0
2024-09-21 00:00:00,Ein Frankfurt,M'gladbach,2,0,H,1.78,4.13,4.18,1.49,2.6,1527.83,1437.08,90.74,1.6,1.4,2,2,1,1.2,2.2,1,1,3,1,0,1,1.5,1.0
2024-09-21 00:00:00,Heidenheim,Freiburg,0,3,A,2.72,3.46,2.59,1.72,2.15,1513.89,1476.44,37.45,2.6,1.2,3,1,1,1.4,1.4,2,1,2,1,0,1,2.0,1.5
2024-09-21 00:00:00,Union Berlin,Hoffenheim,2,1,H,2.03,3.68,3.58,1.74,2.13,1450.93,1490.94,-40.01,1.2,1.0,2,2,1,3.0,2.2,3,0,2,1,1,0,0.5,1.0
2024-09-21 00:00:00,Werder Bremen,Bayern Munich,0,5,A,7.74,5.57,1.36,1.36,3.11,1516.15,1616.74,-100.59,1.8,1.0,2,3,0,3.0,1.4,4,0,1,1,1,0,0.5,2.0
2024-09-21 00:00:00,Bochum,Holstein Kiel,2,2,D,1.98,3.73,3.68,1.61,2.36,1387.51,1458.24,-70.73,0.4,2.8,0,0,5,1.0,3.67,0,0,3,0,0,0,0.0,0.0
2024-09-22 00:00:00,Leverkusen,Wolfsburg,4,3,H,1.3,5.83,9.28,1.46,2.69,1721.15,1433.98,287.17,3.2,1.4,4,0,1,1.2,2.0,1,0,4,2,0,0,2.0,0.5
2024-09-22 00:00:00,Stuttgart,Dortmund,5,1,H,2.31,3.82,2.86,1.43,2.79,1621.79,1604.89,16.9,2.4,1.4,3,1,1,2.0,1.0,3,1,1,2,0,0,1.5,0.5
2024-09-22 00:00:00,St Pauli,RB Leipzig,0,0,D,5.11,4.15,1.64,1.66,2.23,1451.25,1615.56,-164.31,0.33,2.0,0,0,3,1.4,1.0,2,3,0,0,0,0,0.0,0.0
2024-09-27 00:00:00,Dortmund,Bochum,4,2,H,1.24,6.99,10.74,1.29,3.57,1590.62,1390.53,200.09,2.2,1.4,3,1,1,0.8,2.2,0,1,4,1,0,1,2.0,1.0
2024-09-28 00:00:00,Wolfsburg,Stuttgart,2,2,D,3.22,3.89,2.1,1.5,2.58,1429.16,1636.06,-206.9,1.8,2.4,1,0,4,3.2,1.6,3,1,1,0,2,0,1.5,3.0
2024-09-28 00:00:00,Bayern Munich,Leverkusen,1,1,D,1.73,4.41,4.22,1.31,3.42,1627.51,1725.97,-98.46,3.6,1.4,4,0,1,3.0,2.0,4,0,1,0,1,1,1.0,2.5
2024-09-28 00:00:00,RB Leipzig,Augsburg,4,0,H,1.42,5.22,6.88,1.43,2.8,1608.95,1442.34,166.61,1.2,0.8,2,3,0,1.6,2.4,1,1,3,1,0,1,2.5,1.0
2024-09-28 00:00:00,Mainz,Heidenheim,0,2,A,1.85,3.8,4.2,1.74,2.13,1495.49,1497.28,-1.79,2.2,1.8,2,2,1,2.4,1.6,3,0,2,0,1,1,0.5,1.0
2024-09-28 00:00:00,M'gladbach,Union Berlin,1,0,H,2.12,3.54,3.47,1.8,2.05,1425.92,1467.65,-41.73,1.0,2.4,1,0,4,1.2,0.6,3,2,0,0,1,1,0.5,1.5
2024-09-28 00:00:00,Freiburg,St Pauli,0,3,A,1.63,4.08,5.44,1.82,2.03,1493.05,1457.86,35.19,1.8,1.2,3,0,2,0.25,1.5,0,1,3,0,0,0,0.0,0.0
2024-09-29 00:00:00,Holstein Kiel,Ein Frankfurt,2,4,A,4.41,4.24,1.72,1.5,2.57,1455.23,1539.0,-83.77,1.25,3.25,0,1,3,1.8,1.2,3,1,1,0,0,0,0.0,0.0
2024-09-29 00:00:00,Hoffenheim,Werder Bremen,3,4,A,2.36,3.8,2.8,1.45,2.74,1474.22,1505.37,-31.16,2.0,2.6,2,0,3,1.6,1.8,2,2,1,2,0,0,2.5,1.5
2024-10-04 00:00:00,Augsburg,M'gladbach,2,1,H,2.43,3.75,2.75,1.5,2.59,1434.03,1442.71,-8.68,1.4,2.8,1,1,3,1.2,1.6,2,0,3,1,0,1,3.0,2.5
2024-10-05 00:00:00,Bochum,Wolfsburg,1,3,A,3.03,3.75,2.24,1.61,2.35,1383.32,1437.17,-53.84,1.0,2.2,0,1,4,2.0,2.2,1,1,3,1,1,0,1.5,1.0
2024-10-05 00:00:00,Leverkusen,Holstein Kiel,2,2,D,1.09,12.54,25.37,1.21,4.32,1721.83,1443.78,278.05,2.8,2.0,3,1,1,1.4,3.4,0,1,4,0,0,0,0.0,0.0
2024-10-05 00:00:00,Union Berlin,Dortmund,2,1,H,3.37,3.53,2.16,1.77,2.07,1450.85,1597.82,-146.97,0.8,0.6,2,2,1,2.2,1.8,3,1,1,0,2,0,1.0,3.0
2024-10-05 00:00:00,Werder Bremen,Freiburg,0,1,A,2.61,3.63,2.61,1.67,2.24,1519.03,1476.53,42.5,1.6,2.2,2,2,1,1.6,1.4,3,0,2,1,1,0,1.5,1.0
2024-10-05 00:00:00,St Pauli,Mainz,0,3,A,2.44,3.42,2.93,1.87,1.97,1474.38,1480.57,-6.19,0.8,1.2,1,1,3,1.6,2.0,1,2,2,0,0,0,0.0,0.0
2024-10-06 00:00:00,Heidenheim,RB Leipzig,0,1,A,4.64,4.23,1.69,1.57,2.42,1512.2,1617.27,-105.07,2.0,1.4,3,0,2,1.6,0.4,3,2,0,0,2,0,1.0,2.0
2024-10-06 00:00:00,Ein Frankfurt,Bayern Munich,3,3,D,5.51,4.85,1.52,1.35,3.13,1550.45,1631.65,-81.2,2.2,1.2,4,0,1,3.4,0.8,4,1,0,1,1,0,3.0,1.5
2024-10-06 00:00:00,Stuttgart,Hoffenheim,1,1,D,1.31,6.32,8.07,1.23,4.05,1628.05,1460.56,167.49,2.8,2.0,2,2,1,1.8,3.0,1,0,4,1,1,0,2.5,1.5
2024-10-18 00:00:00,Dortmund,St Pauli,2,1,H,1.31,5.72,9.79,1.49,2.61,1576.83,1459.64,117.19,2.0,2.2,2,1,2,0.8,1.4,1,1,3,0,0,0,0.0,0.0
2024-10-19 00:00:00,Leverkusen,Ein Frankfurt,2,1,H,1.45,5.04,6.32,1.38,3.06,1711.87,1553.89,157.98,2.6,2.0,2,2,1,2.8,1.4,4,1,0,2,0,0,4.0,0.5
2024-10-19 00:00:00,Mainz,RB Leipzig,0,2,A,4.04,3.83,1.88,1.66,2.26,1495.3,1627.86,-132.56,2.0,1.8,2,1,2,1.6,0.4,3,2,0,1,0,1,1.0,0.0
2024-10-19 00:00:00,M'gladbach,Heidenheim,3,2,H,1.85,3.8,4.21,1.64,2.29,1427.33,1501.6,-74.27,1.0,1.4,2,0,3,1.6,1.6,2,0,3,1,0,1,1.5,1.0
2024-10-19 00:00:00,Bayern Munich,Stuttgart,4,0,H,1.35,5.77,7.7,1.31,3.42,1628.21,1621.33,6.87,3.4,1.0,3,2,0,2.8,1.6,2,3,0,1,1,0,2.0,1.5
2024-10-19 00:00:00,Freiburg,Augsburg,3,1,H,1.74,3.91,4.75,1.7,2.18,1493.36,1449.41,43.95,1.2,1.2,3,0,2,1.4,2.6,2,0,3,1,1,0,1.5,1.0
2024-10-19 00:00:00,Hoffenheim,Bochum,3,1,H,1.7,4.44,4.38,1.4,2.96,1467.28,1370.63,96.65,1.4,2.8,0,1,4,1.2,2.6,0,1,4,1,1,0,2.5,2.0
2024-10-20 00:00:00,Holstein Kiel,Union Berlin,0,2,A,3.44,3.42,2.16,1.96,1.87,1453.74,1471.84,-18.1,1.4,3.2,0,2,3,1.0,0.6,3,1,1,0,0,0,0.0,0.0
2024-10-20 00:00:00,Wolfsburg,Werder Bremen,2,4,A,2.07,3.66,3.44,1.7,2.18,1449.86,1502.21,-52.35,2.2,1.8,2,1,2,1.2,2.0,2,1,2,1,0,1,2.0,1.0
2024-10-25 00:00:00,Mainz,M'gladbach,1,1,D,2.35,3.76,2.86,1.56,2.43,1485.76,1445.49,40.27,1.4,1.6,2,0,3,1.2,1.8,2,0,3,0,0,2,1.5,1.5
2024-10-26 00:00:00,Werder Bremen,Leverkusen,2,2,D,5.64,4.9,1.51,1.4,2.92,1514.96,1720.48,-205.52,2.0,2.4,3,0,2,2.6,1.6,3,2,0,0,2,0,0.0,4.0
2024-10-26 00:00:00,RB Leipzig,Freiburg,3,1,H,1.73,4.12,4.52,1.67,2.24,1637.4,1506.47,130.93,1.4,0.0,3,2,0,1.8,1.0,4,0,1,2,0,0,3.5,1.0
2024-10-26 00:00:00,St Pauli,Wolfsburg,0,0,D,2.61,3.46,2.68,1.83,2.01,1449.52,1437.1,12.42,1.0,1.6,1,1,3,2.2,2.6,1,1,3,0,0,0,0.0,0.0
2024-10-26 00:00:00,Stuttgart,Holstein Kiel,2,1,H,1.23,7.14,10.95,1.3,3.48,1606.63,1439.52,167.11,2.2,1.8,2,2,1,1.4,3.2,0,2,3,0,0,0,0.0,0.0
2024-10-26 00:00:00,Augsburg,Dortmund,2,1,H,3.73,3.96,1.91,1.52,2.55,1436.29,1586.95,-150.66,1.6,2.4,2,0,3,2.4,2.4,3,0,2,0,1,1,1.0,3.0
2024-10-27 00:00:00,Heidenheim,Hoffenheim,0,0,D,2.29,3.65,2.98,1.53,2.52,1483.44,1478.21,5.23,1.2,2.2,1,0,4,1.8,2.4,1,1,3,0,1,1,1.5,2.0
2024-10-27 00:00:00,Union Berlin,Ein Frankfurt,1,1,D,2.58,3.37,2.76,1.9,1.9,1486.06,1545.28,-59.22,1.2,0.6,3,1,1,2.4,1.6,3,1,1,0,1,1,0.0,1.5
2024-10-27 00:00:00,Bochum,Bayern Munich,0,5,A,14.44,9.35,1.15,1.23,4.08,1359.7,1642.91,-283.22,1.4,2.8,0,1,4,3.8,1.0,3,2,0,1,1,0,1.5,4.5
2024-11-01 00:00:00,Leverkusen,Stuttgart,0,0,D,1.56,4.8,5.16,1.36,3.15,1712.52,1614.93,97.59,2.2,1.8,2,3,0,2.0,1.8,2,2,1,0,0,2,1.5,1.5
2024-11-02 00:00:00,Hoffenheim,St Pauli,0,2,A,1.88,3.91,3.9,1.62,2.34,1478.44,1448.98,29.45,1.6,1.6,1,2,2,0.8,1.0,1,2,2,0,0,0,0.0,0.0
2024-11-02 00:00:00,Holstein Kiel,Heidenheim,1,0,H,2.79,3.49,2.51,1.76,2.11,1431.23,1483.22,-51.99,1.4,2.4,0,2,3,0.8,1.4,1,1,3,0,0,0,0.0,0.0
2024-11-02 00:00:00,Wolfsburg,Augsburg,1,1,D,2.01,3.83,3.53,1.64,2.31,1437.64,1457.42,-19.78,2.0,2.2,1,2,2,1.4,2.4,2,0,3,0,2,0,1.5,3.0
2024-11-02 00:00:00,Dortmund,RB Leipzig,2,1,H,2.25,3.77,3.03,1.47,2.68,1565.83,1647.0,-81.18,1.8,2.4,2,0,3,2.0,0.2,4,1,0,0,2,0,1.5,3.5
2024-11-02 00:00:00,Ein Frankfurt,Bochum,7,2,H,1.33,5.88,8.06,1.38,3.05,1542.75,1354.78,187.97,2.2,1.6,2,2,1,1.2,3.4,0,1,4,0,0,2,1.0,1.0
2024-11-02 00:00:00,Bayern Munich,Union Berlin,3,0,H,1.17,7.97,15.38,1.42,2.84,1647.83,1488.6,159.23,3.6,0.8,3,2,0,1.4,0.8,3,1,1,2,0,0,3.0,0.5
2024-11-03 00:00:00,Freiburg,Mainz,0,0,D,1.7,3.95,4.84,1.72,2.14,1496.87,1484.03,12.84,1.6,1.4,3,0,2,1.4,1.4,2,1,2,1,0,1,1.0,0.5
2024-11-03 00:00:00,M'gladbach,Werder Bremen,4,1,H,2.1,3.87,3.18,1.48,2.65,1447.22,1522.93,-75.7,1.2,1.4,2,1,2,2.0,2.6,2,1,2,0,0,2,2.0,2.0
2024-11-08 00:00:00,Union Berlin,Freiburg,0,0,D,2.52,3.18,3.04,2.41,1.59,1480.03,1496.32,-16.29,1.0,1.2,2,1,2,1.0,1.4,2,1,2,1,0,1,1.0,0.5
2024-11-09 00:00:00,RB Leipzig,M'gladbach,0,0,D,1.59,4.59,5.08,1.41,2.92,1628.56,1465.44,163.12,2.2,0.6,4,0,1,2.0,1.2,3,1,1,2,0,0,1.5,0.0
2024-11-09 00:00:00,Mainz,Dortmund,3,1,H,3.46,3.74,2.06,1.59,2.4,1484.58,1584.27,-99.69,0.8,1.0,1,2,2,2.0,1.6,3,0,2,1,0,1,2.0,0.5
2024-11-09 00:00:00,Bochum,Leverkusen,1,1,D,10.15,6.68,1.26,1.29,3.54,1347.19,1708.41,-361.22,1.2,4.4,0,0,5,1.4,1.2,1,4,0,0,2,0,0.0,4.5
2024-11-09 00:00:00,St Pauli,Bayern Munich,0,1,A,11.42,6.92,1.23,1.38,3.03,1465.25,1656.39,-191.14,1.2,1.0,2,1,2,3.2,0.8,3,2,0,0,0,0,0.0,0.0
2024-11-09 00:00:00,Werder Bremen,Holstein Kiel,2,1,H,1.64,4.3,4.93,1.52,2.55,1504.71,1448.46,56.25,2.2,2.4,2,1,2,1.2,2.0,1,1,3,0,0,0,0.0,0.0
2024-11-10 00:00:00,Augsburg,Hoffenheim,0,0,D,2.1,3.79,3.25,1.55,2.45,1456.57,1462.17,-5.6,1.2,2.0,2,1,2,1.4,1.6,1,2,2,0,1,1,1.0,2.0
2024-11-10 00:00:00,Stuttgart,Ein Frankfurt,2,3,A,1.91,4.04,3.65,1.45,2.72,1619.03,1550.34,68.69,1.0,1.6,1,3,1,3.2,2.0,2,2,1,2,0,0,2.5,0.5
2024-11-10 00:00:00,Heidenheim,Wolfsburg,1,3,A,2.83,3.33,2.54,1.92,1.91,1465.99,1438.49,27.5,0.8,1.0,1,1,3,1.6,1.6,1,3,1,0,1,1,0.5,1.5
2024-11-22 00:00:00,Bayern Munich,Augsburg,3,0,H,1.12,10.21,19.53,1.28,3.67,1663.89,1456.81,207.08,3.2,0.6,4,1,0,1.2,1.2,2,2,1,2,0,0,3.0,1.5
2024-11-23 00:00:00,Dortmund,Freiburg,4,0,H,1.68,4.2,4.73,1.59,2.4,1565.08,1495.62,69.47,1.4,1.8,2,0,3,1.0,0.8,2,2,1,2,0,0,3.5,1.0
2024-11-23 00:00:00,Hoffenheim,RB Leipzig,4,3,H,3.39,3.66,2.1,1.55,2.45,1461.93,1621.99,-160.07,0.8,0.8,1,3,1,1.4,0.6,3,1,1,0,1,1,1.0,2.0
2024-11-23 00:00:00,Leverkusen,Heidenheim,5,2,H,1.19,7.63,13.79,1.41,2.92,1696.75,1449.8,246.94,1.4,1.2,1,4,0,0.6,1.6,0,1,4,2,0,0,3.0,1.0
2024-11-23 00:00:00,Stuttgart,Bochum,2,0,H,1.31,6.11,8.33,1.34,3.27,1601.1,1358.86,242.25,1.0,1.8,1,2,2,1.0,3.8,0,1,4,1,1,0,2.5,0.5
2024-11-23 00:00:00,Wolfsburg,Union Berlin,1,0,H,2.32,3.3,3.24,2.15,1.72,1454.68,1480.73,-26.05,1.8,1.4,2,2,1,1.0,1.0,2,2,1,1,1,0,1.0,1.0
2024-11-23 00:00:00,Ein Frankfurt,Werder Bremen,1,0,H,1.71,4.25,4.46,1.5,2.59,1568.27,1517.3,50.97,3.0,2.0,2,2,1,1.8,2.0,2,1,2,0,0,2,1.5,1.5
2024-11-24 00:00:00,Holstein Kiel,Mainz,0,3,A,3.07,3.49,2.3,1.78,2.06,1435.86,1503.77,-67.91,1.0,1.6,1,1,3,1.4,0.8,2,2,1,0,0,0,0.0,0.0
2024-11-24 00:00:00,M'gladbach,St Pauli,2,0,H,1.81,3.77,4.34,1.79,2.05,1472.01,1457.76,14.25,1.8,1.2,2,2,1,0.6,1.2,1,1,3,0,0,0,0.0,0.0
2024-11-29 00:00:00,St Pauli,Holstein Kiel,3,1,H,1.71,3.79,5.11,1.92,1.91,1443.38,1423.76,19.62,0.6,1.0,1,1,3,0.6,1.8,1,0,4,0,0,0,0.0,0.0
2024-11-30 00:00:00,Dortmund,Bayern Munich,1,1,D,4.54,4.32,1.69,1.39,2.99,1577.12,1670.87,-93.75,2.0,1.4,3,0,2,3.2,0.0,5,0,0,1,1,0,1.0,2.0
2024-11-30 00:00:00,Werder Bremen,Stuttgart,2,2,D,3.0,3.75,2.25,1.53,2.5,1504.49,1607.07,-102.58,1.8,2.0,2,1,2,1.2,1.6,2,1,2,1,1,0,1.0,1.5
2024-11-30 00:00:00,Augsburg,Bochum,1,0,H,1.73,3.96,4.69,1.72,2.15,1449.82,1352.89,96.93,0.8,1.6,1,2,2,0.8,3.6,0,1,4,0,0,2,1.5,1.5
2024-11-30 00:00:00,RB Leipzig,Wolfsburg,1,5,A,1.69,4.12,4.75,1.61,2.35,1600.53,1470.8,129.73,1.8,1.4,2,1,2,1.4,1.2,2,2,1,1,1,0,2.0,1.0
2024-11-30 00:00:00,Union Berlin,Leverkusen,1,2,A,4.65,3.83,1.76,1.86,1.98,1464.61,1702.58,-237.97,0.6,1.0,1,2,2,2.0,1.2,2,3,0,0,2,0,0.0,2.5
2024-11-30 00:00:00,Freiburg,M'gladbach,3,1,H,2.0,3.75,3.59,1.68,2.23,1483.57,1486.39,-2.82,0.8,1.6,1,2,2,2.0,0.8,3,2,0,1,0,1,3.0,1.5
2024-12-01 00:00:00,Mainz,Hoffenheim,2,0,H,2.08,3.61,3.45,1.66,2.26,1515.88,1483.39,32.49,1.4,0.8,2,2,1,1.4,1.2,2,2,1,1,0,1,2.5,1.0
2024-12-01 00:00:00,Heidenheim,Ein Frankfurt,0,4,A,3.73,3.69,1.97,1.76,2.09,1443.97,1581.08,-137.11,1.0,2.4,0,1,4,2.6,1.4,3,1,1,0,2,0,0.5,2.0
2024-12-06 00:00:00,Stuttgart,Union Berlin,3,2,H,1.83,3.58,4.64,2.08,1.77,1602.76,1458.53,144.23,1.6,1.2,2,2,1,0.4,1.4,0,2,3,2,0,0,2.5,0.0
2024-12-07 00:00:00,M'gladbach,Dortmund,1,1,D,3.23,3.89,2.1,1.46,2.74,1471.27,1581.07,-109.8,1.6,1.0,2,2,1,1.8,1.4,2,1,2,0,2,0,1.5,3.0
2024-12-07 00:00:00,Leverkusen,St Pauli,2,1,H,1.24,6.57,11.8,1.51,2.59,1708.66,1457.53,251.13,2.0,1.2,2,3,0,1.0,0.8,2,1,2,0,0,0,0.0,0.0
2024-12-07 00:00:00,Ein Frankfurt,Augsburg,2,2,D,1.55,4.36,5.89,1.6,2.36,1590.45,1460.74,129.71,3.2,1.0,4,1,0,0.8,1.0,2,2,1,1,1,0,2.0,1.5
2024-12-07 00:00:00,Bochum,Werder Bremen,0,1,A,3.14,3.62,2.23,1.62,2.34,1341.97,1508.79,-166.82,0.6,3.2,0,1,4,1.4,2.0,1,2,2,0,1,1,1.0,2.5
2024-12-07 00:00:00,Bayern Munich,Heidenheim,4,2,H,1.09,12.51,23.3,1.28,3.73,1666.92,1434.6,232.32,2.6,0.2,4,1,0,0.6,2.6,0,1,4,1,1,0,3.0,2.5
2024-12-07 00:00:00,Holstein Kiel,RB Leipzig,0,2,A,5.36,4.37,1.59,1.5,2.58,1409.61,1580.18,-170.57,0.8,2.0,1,0,4,1.6,2.4,1,1,3,0,0,0,0.0,0.0
2024-12-08 00:00:00,Wolfsburg,Mainz,4,3,H,2.15,3.42,3.46,1.82,2.02,1491.15,1529.48,-38.33,2.0,0.6,3,2,0,1.8,0.4,3,2,0,0,1,1,1.0,2.0
2024-12-08 00:00:00,Hoffenheim,Freiburg,1,1,D,2.71,3.47,2.54,1.7,2.18,1469.78,1498.7,-28.91,0.8,1.4,1,2,2,0.8,1.6,1,2,2,0,2,0,1.5,2.5
2024-12-13 00:00:00,Freiburg,Wolfsburg,3,2,H,2.22,3.41,3.3,1.9,1.92,1497.45,1507.8,-10.35,0.8,1.2,1,3,1,2.8,1.2,4,1,0,1,1,0,1.0,1.0
2024-12-14 00:00:00,Augsburg,Leverkusen,0,2,A,5.47,4.2,1.59,1.66,2.25,1466.1,1714.38,-248.28,0.8,1.2,1,3,1,2.0,1.0,3,2,0,0,2,0,0.5,1.5
2024-12-14 00:00:00,Mainz,Bayern Munich,2,1,H,6.54,4.69,1.47,1.52,2.52,1512.83,1673.16,-160.33,2.2,1.0,3,1,1,2.4,0.6,4,1,0,0,2,0,1.0,5.5
2024-12-14 00:00:00,M'gladbach,Holstein Kiel,4,1,H,1.44,4.89,6.63,1.48,2.64,1475.86,1401.43,74.43,1.6,1.0,2,2,1,0.6,2.0,1,0,4,0,0,0,0.0,0.0
2024-12-14 00:00:00,Union Berlin,Bochum,0,2,A,1.59,3.94,6.09,2.01,1.83,1449.42,1333.67,115.75,0.6,1.8,0,1,4,0.6,2.4,0,1,4,0,2,0,1.5,3.5
2024-12-14 00:00:00,St Pauli,Werder Bremen,0,2,A,2.64,3.4,2.66,1.92,1.9,1451.81,1517.1,-65.29,1.2,1.2,2,0,3,1.2,1.6,2,1,2,0,0,0,0.0,0.0
2024-12-15 00:00:00,Heidenheim,Stuttgart,1,3,A,4.09,3.89,1.82,1.71,2.16,1428.36,1611.87,-183.51,1.0,3.4,0,0,5,1.8,1.4,2,2,1,1,0,1,2.5,1.5
2024-12-15 00:00:00,Dortmund,Hoffenheim,1,1,D,1.44,5.01,6.34,1.4,2.93,1576.48,1471.03,105.45,1.8,1.2,2,2,1,1.0,1.6,1,2,2,1,1,0,2.5,2.0
2024-12-15 00:00:00,RB Leipzig,Ein Frankfurt,2,1,H,2.1,3.86,3.18,1.53,2.48,1588.35,1585.1,3.25,1.4,2.2,1,1,3,3.4,1.2,4,1,0,0,1,1,1.0,1.5
2024-12-20 00:00:00,Bayern Munich,RB Leipzig,5,1,H,1.22,7.04,11.46,1.28,3.59,1651.69,1603.21,48.48,2.0,1.0,3,1,1,1.6,2.0,2,1,2,1,0,1,2.0,1.5
2024-12-21 00:00:00,Holstein Kiel,Augsburg,5,1,H,3.05,3.31,2.4,1.92,1.89,1389.6,1460.3,-70.7,0.6,2.8,0,0,5,0.6,1.4,1,2,2,0,0,0,0.0,0.0
2024-12-21 00:00:00,Ein Frankfurt,Mainz,1,3,A,1.84,3.95,3.97,1.66,2.24,1570.24,1534.3,35.94,2.2,1.2,3,1,1,2.6,1.2,4,0,1,1,0,1,1.0,0.5
2024-12-21 00:00:00,Werder Bremen,Union Berlin,4,1,H,2.1,3.37,3.64,2.03,1.8,1529.31,1429.6,99.71,1.4,0.8,3,1,1,0.6,1.6,0,1,4,1,1,0,1.5,1.0
2024-12-21 00:00:00,Leverkusen,Freiburg,5,1,H,1.38,5.03,8.04,1.6,2.35,1720.18,1512.9,207.28,2.4,1.0,4,1,0,1.4,1.6,2,2,1,2,0,0,2.5,1.5
2024-12-21 00:00:00,Stuttgart,St Pauli,0,1,A,1.47,4.64,6.51,1.66,2.24,1619.61,1439.6,180.01,2.4,1.6,3,1,1,0.8,1.6,1,0,4,0,0,0,0.0,0.0
2024-12-21 00:00:00,Hoffenheim,M'gladbach,1,2,A,2.35,3.69,2.85,1.58,2.39,1475.45,1487.7,-12.25,1.2,1.4,1,3,1,1.6,1.0,2,2,1,1,1,0,2.5,2.5
2024-12-22 00:00:00,Bochum,Heidenheim,2,0,H,2.32,3.52,2.98,1.74,2.11,1353.49,1420.62,-67.13,0.6,1.0,1,1,3,1.2,3.8,0,0,5,0,0,2,0.5,0.5
2024-12-22 00:00:00,Wolfsburg,Dortmund,1,3,A,3.05,3.67,2.23,1.59,2.36,1492.35,1572.07,-79.71,3.0,1.6,4,0,1,1.6,1.2,1,3,1,0,1,1,0.5,1.0
2025-01-10 00:00:00,Dortmund,Leverkusen,2,3,A,2.82,3.55,2.43,1.59,2.37,1583.68,1727.16,-143.47,2.0,0.8,2,3,0,3.2,1.0,5,0,0,0,0,2,1.0,1.0
2025-01-11 00:00:00,Freiburg,Holstein Kiel,3,2,H,1.39,4.98,7.58,1.57,2.4,1505.92,1407.61,98.31,1.6,2.6,2,1,2,1.4,2.6,1,0,4,0,0,0,0.0,0.0
2025-01-11 00:00:00,Heidenheim,Union Berlin,2,0,H,3.17,3.26,2.34,2.04,1.79,1402.76,1418.79,-16.03,1.0,3.6,0,0,5,0.8,2.4,0,0,5,1,0,1,1.5,1.0
2025-01-11 00:00:00,Hoffenheim,Wolfsburg,0,1,A,2.43,3.45,2.87,1.61,2.33,1460.98,1480.74,-19.76,1.4,1.8,1,2,2,2.6,2.0,3,0,2,1,0,1,2.5,1.5
2025-01-11 00:00:00,Mainz,Bochum,2,0,H,1.56,4.28,5.76,1.72,2.12,1550.85,1371.35,179.49,2.6,1.2,4,0,1,0.8,0.8,2,0,3,1,0,1,2.0,1.0
2025-01-11 00:00:00,St Pauli,Ein Frankfurt,0,1,A,3.57,3.47,2.08,1.81,2.01,1461.74,1553.69,-91.96,1.0,1.4,2,0,3,1.8,1.4,2,1,2,0,0,0,0.0,0.0
2025-01-11 00:00:00,M'gladbach,Bayern Munich,0,1,A,6.8,5.23,1.4,1.34,3.22,1502.17,1664.61,-162.44,2.0,1.2,3,1,1,2.8,1.2,3,1,1,0,2,0,1.0,2.5
2025-01-12 00:00:00,RB Leipzig,Werder Bremen,4,2,H,1.75,4.11,4.22,1.51,2.51,1590.29,1540.12,50.17,1.8,3.0,2,0,3,1.8,0.8,3,1,1,0,0,2,1.0,1.0
2025-01-12 00:00:00,Augsburg,Stuttgart,0,1,A,3.61,3.65,1.99,1.71,2.14,1442.29,1597.47,-155.18,0.8,2.4,1,1,3,2.0,1.2,3,1,1,0,2,0,0.0,2.0
2025-01-14 00:00:00,Ein Frankfurt,Freiburg,4,1,H,1.71,4.12,4.53,1.57,2.42,1564.81,1516.78,48.03,1.8,1.4,2,1,2,2.2,2.2,3,1,1,0,0,2,1.5,1.5
2025-01-14 00:00:00,Leverkusen,Mainz,1,0,H,1.37,5.12,8.38,1.62,2.31,1736.29,1558.72,177.57,2.8,1.0,5,0,0,2.4,1.2,4,0,1,2,0,0,2.5,0.5
2025-01-14 00:00:00,Wolfsburg,M'gladbach,5,1,H,1.96,3.8,3.69,1.59,2.36,1494.88,1493.71,1.17,2.6,2.0,3,0,2,1.6,1.4,2,1,2,0,2,0,0.5,3.5
2025-01-14 00:00:00,Holstein Kiel,Dortmund,4,2,H,5.41,4.64,1.55,1.44,2.77,1396.74,1574.55,-177.81,1.8,2.6,1,0,4,1.6,1.4,1,3,1,0,0,0,0.0,0.0
2025-01-15 00:00:00,Bochum,St Pauli,1,0,H,2.59,3.27,2.81,2.04,1.78,1363.48,1450.62,-87.14,0.8,0.8,2,0,3,1.0,1.2,2,0,3,0,0,0,0.0,0.0
2025-01-15 00:00:00,Bayern Munich,Hoffenheim,5,0,H,1.12,10.12,18.51,1.23,4.01,1673.07,1446.83,226.24,2.4,1.2,3,1,1,0.6,1.4,0,2,3,1,1,0,2.5,2.0
2025-01-15 00:00:00,Stuttgart,RB Leipzig,2,1,H,2.01,3.78,3.47,1.44,2.71,1606.18,1603.14,3.04,1.8,1.2,3,1,1,2.0,2.6,3,0,2,1,1,0,3.0,3.5
2025-01-15 00:00:00,Union Berlin,Augsburg,0,2,A,1.84,3.51,4.55,2.11,1.74,1403.1,1433.58,-30.48,0.8,2.6,0,0,5,0.8,2.0,1,1,3,0,1,1,0.5,1.5
2025-01-15 00:00:00,Werder Bremen,Heidenheim,3,3,D,1.63,4.26,4.92,1.59,2.37,1527.27,1418.45,108.82,2.2,1.4,3,1,1,1.0,2.6,1,0,4,0,2,0,1.5,3.0
2025-01-17 00:00:00,Ein Frankfurt,Dortmund,2,0,H,2.56,3.59,2.65,1.56,2.41,1577.75,1552.48,25.28,1.8,1.6,2,1,2,1.8,2.0,1,2,2,0,2,1,1.33,2.67
2025-01-18 00:00:00,Stuttgart,Freiburg,4,0,H,1.66,4.33,4.71,1.52,2.5,1621.05,1503.84,117.2,1.8,1.0,4,0,1,1.8,2.8,2,1,2,2,1,0,3.0,1.33
2025-01-18 00:00:00,Heidenheim,St Pauli,0,2,A,2.42,3.47,2.87,1.93,1.89,1423.0,1431.93,-8.93,1.6,2.4,1,1,3,0.4,1.2,1,0,4,1,0,0,2.0,0.0
2025-01-18 00:00:00,Bochum,RB Leipzig,3,3,D,3.63,3.7,1.99,1.73,2.12,1382.16,1588.27,-206.11,1.0,0.6,3,0,2,2.0,2.0,3,0,2,0,2,1,0.33,1.67
2025-01-18 00:00:00,Bayern Munich,Wolfsburg,3,2,H,1.17,8.34,14.42,1.27,3.62,1679.48,1509.83,169.65,3.2,1.0,4,0,1,2.6,2.0,3,0,2,3,0,0,2.33,1.0
2025-01-18 00:00:00,Leverkusen,M'gladbach,3,1,H,1.27,6.22,10.05,1.39,2.92,1744.23,1478.76,265.47,2.6,0.8,5,0,0,1.6,1.8,2,1,2,2,0,1,2.0,0.67
2025-01-18 00:00:00,Holstein Kiel,Hoffenheim,1,3,A,2.9,3.6,2.35,1.64,2.26,1418.81,1440.42,-21.6,2.4,2.4,2,0,3,0.6,2.0,0,2,3,0,1,0,2.0,3.0
2025-01-19 00:00:00,Union Berlin,Mainz,2,1,H,2.58,3.18,2.88,2.11,1.73,1389.41,1550.78,-161.37,0.6,2.6,0,0,5,2.0,1.4,3,0,2,1,0,2,2.0,1.0
2025-01-19 00:00:00,Werder Bremen,Augsburg,0,2,A,1.86,3.72,4.09,1.85,1.97,1522.72,1447.26,75.46,2.4,1.6,3,1,1,1.0,2.0,1,1,3,2,0,1,2.33,0.67
2025-01-24 00:00:00,Wolfsburg,Holstein Kiel,2,2,D,1.43,4.96,6.99,1.53,2.48,1501.63,1404.74,96.88,2.2,2.0,2,0,3,2.6,2.6,2,0,3,1,0,0,2.0,0.0
2025-01-25 00:00:00,RB Leipzig,Leverkusen,2,2,D,3.7,3.95,1.91,1.53,2.48,1580.29,1749.58,-169.29,2.2,2.6,2,1,2,2.8,0.8,5,0,0,1,2,0,2.33,2.67
2025-01-25 00:00:00,M'gladbach,Bochum,3,0,H,1.72,4.08,4.49,1.61,2.34,1473.41,1390.15,83.27,1.6,2.2,2,0,3,1.6,1.0,3,1,1,3,0,0,3.33,1.0
2025-01-25 00:00:00,Freiburg,Bayern Munich,1,2,A,8.55,5.6,1.32,1.42,2.82,1493.72,1687.69,-193.97,1.6,3.4,2,0,3,3.0,1.0,4,0,1,0,2,1,0.67,2.33
2025-01-25 00:00:00,Dortmund,Werder Bremen,2,2,D,1.62,4.39,4.9,1.5,2.57,1538.57,1504.51,34.05,1.6,2.2,1,1,3,2.2,2.0,2,1,2,2,0,1,1.0,0.33
2025-01-25 00:00:00,Augsburg,Heidenheim,2,1,H,1.9,3.62,4.05,1.9,1.92,1465.47,1408.39,57.08,1.0,1.6,2,0,3,1.2,2.0,1,1,3,2,1,0,2.0,2.0
2025-01-25 00:00:00,Mainz,Stuttgart,2,0,H,2.84,3.5,2.44,1.75,2.1,1529.28,1631.17,-101.89,1.6,1.0,3,0,2,2.0,0.6,4,0,1,0,2,1,1.67,3.0
2025-01-26 00:00:00,St Pauli,Union Berlin,3,0,H,2.5,3.14,3.01,2.27,1.64,1446.55,1410.92,35.63,0.6,0.8,2,0,3,0.6,2.2,1,0,4,0,1,0,0.0,1.0
2025-01-26 00:00:00,Hoffenheim,Ein Frankfurt,2,2,D,3.08,3.59,2.24,1.66,2.23,1454.48,1591.67,-137.18,1.0,2.0,1,1,3,1.8,1.2,3,0,2,0,3,0,1.0,3.0
2025-01-31 00:00:00,Werder Bremen,Mainz,1,0,H,2.31,3.4,3.13,1.86,1.98,1505.98,1548.55,-42.57,2.2,2.4,1,2,2,1.6,0.8,3,0,2,3,0,0,2.33,0.33
2025-02-01 00:00:00,Bayern Munich,Holstein Kiel,4,3,H,1.05,16.44,38.04,1.13,5.31,1695.09,1408.82,286.27,3.2,0.8,5,0,0,2.8,2.2,2,1,2,1,0,0,6.0,1.0
2025-02-01 00:00:00,Bochum,Freiburg,0,1,A,2.81,3.38,2.51,1.79,2.03,1378.67,1486.32,-107.65,1.2,1.6,2,1,2,1.2,3.4,1,0,4,0,3,0,1.0,2.0
2025-02-01 00:00:00,Heidenheim,Dortmund,1,2,A,4.3,4.01,1.76,1.56,2.4,1395.83,1537.1,-141.27,1.2,1.8,1,1,3,1.8,2.4,1,1,3,0,1,2,1.33,2.0
2025-02-01 00:00:00,St Pauli,Augsburg,1,1,D,2.35,3.2,3.23,2.22,1.66,1460.02,1478.03,-18.01,1.2,0.4,3,0,2,1.4,1.4,3,0,2,0,1,0,1.0,3.0
2025-02-01 00:00:00,Stuttgart,M'gladbach,1,2,A,1.57,4.62,5.05,1.41,2.84,1611.89,1484.89,127.01,1.4,0.8,3,0,2,1.4,2.0,2,0,3,2,1,0,2.67,1.33
2025-02-01 00:00:00,Union Berlin,RB Leipzig,0,0,D,3.12,3.49,2.26,1.76,2.08,1397.45,1587.07,-189.62,0.6,2.4,1,0,4,2.2,2.8,1,2,2,0,2,1,0.0,1.67
2025-02-02 00:00:00,Leverkusen,Hoffenheim,3,1,H,1.23,6.86,10.7,1.36,3.07,1742.8,1460.12,282.68,2.8,1.2,4,1,0,1.2,2.2,1,1,3,3,0,0,3.0,1.33
2025-02-02 00:00:00,Ein Frankfurt,Wolfsburg,1,1,D,1.96,3.82,3.59,1.52,2.5,1586.03,1497.55,88.48,2.0,1.2,3,1,1,2.2,1.8,2,1,2,1,1,1,1.33,1.67
2025-02-07 00:00:00,Bayern Munich,Werder Bremen,3,0,H,1.1,11.87,21.03,1.19,4.49,1699.93,1522.81,177.12,3.0,1.2,5,0,0,1.6,2.2,1,2,2,2,1,0,3.0,0.33
2025-02-08 00:00:00,Freiburg,Heidenheim,1,0,H,1.73,3.93,4.65,1.75,2.1,1496.82,1386.61,110.2,1.2,2.4,2,0,3,1.4,1.8,1,1,3,1,1,1,2.0,1.33
2025-02-08 00:00:00,Hoffenheim,Union Berlin,0,4,A,2.22,3.57,3.18,1.82,2.03,1455.19,1404.91,50.28,1.2,2.4,1,1,3,0.4,1.6,1,1,3,1,2,0,1.0,1.0
2025-02-08 00:00:00,Mainz,Augsburg,0,0,D,1.77,3.66,4.78,2.03,1.81,1531.72,1477.25,54.47,1.0,0.8,2,0,3,1.4,0.6,3,1,1,2,1,0,1.67,1.33
2025-02-08 00:00:00,Wolfsburg,Leverkusen,0,0,D,4.21,3.83,1.83,1.66,2.25,1501.29,1747.72,-246.43,2.2,1.4,2,2,1,2.4,1.2,4,1,0,0,3,0,1.33,2.67
2025-02-08 00:00:00,M'gladbach,Ein Frankfurt,1,1,D,2.59,3.64,2.59,1.54,2.48,1505.14,1582.29,-77.16,1.4,2.0,2,0,3,2.0,0.8,3,2,0,0,2,1,0.67,1.67
2025-02-08 00:00:00,Dortmund,Stuttgart,1,2,A,1.89,3.92,3.84,1.5,2.6,1546.32,1591.64,-45.32,1.6,2.4,1,1,3,1.6,1.0,3,0,2,0,3,0,0.67,2.67
2025-02-09 00:00:00,Holstein Kiel,Bochum,2,2,D,2.29,3.54,3.04,1.68,2.21,1403.98,1368.18,35.8,2.4,2.8,1,1,3,0.8,1.8,1,1,3,0,0,1,2.0,2.0
2025-02-09 00:00:00,RB Leipzig,St Pauli,2,0,H,1.57,4.31,5.56,1.71,2.16,1579.61,1460.79,118.82,2.0,1.8,1,3,1,1.2,0.6,2,1,2,0,0,1,0.0,0.0
2025-02-14 00:00:00,Augsburg,RB Leipzig,0,0,D,2.97,3.39,2.43,1.89,1.96,1479.58,1589.67,-110.09,1.4,0.4,3,2,0,1.6,1.4,1,3,1,0,2,1,0.67,3.0
2025-02-15 00:00:00,Bochum,Dortmund,2,0,H,4.83,4.21,1.66,1.59,2.4,1369.72,1533.26,-163.54,1.2,1.8,1,2,2,1.4,2.2,1,1,3,0,2,1,1.33,2.67
2025-02-15 00:00:00,St Pauli,Freiburg,0,1,A,2.56,3.21,2.92,2.21,1.68,1450.73,1507.21,-56.48,1.2,0.8,2,1,2,0.8,2.0,2,0,3,1,0,0,3.0,0.0
2025-02-15 00:00:00,Stuttgart,Wolfsburg,1,2,A,1.75,4.19,4.25,1.52,2.53,1604.7,1510.44,94.25,1.8,1.2,3,0,2,2.0,1.4,1,3,1,2,0,1,2.67,1.67
2025-02-15 00:00:00,Union Berlin,M'gladbach,1,2,A,2.27,3.54,3.11,1.77,2.09,1422.07,1508.41,-86.35,1.2,1.2,2,1,2,1.6,2.0,2,1,2,1,1,1,1.0,0.67
2025-02-15 00:00:00,Leverkusen,Bayern Munich,0,0,D,3.01,3.66,2.26,1.65,2.26,1738.57,1707.88,30.69,1.8,0.8,3,2,0,3.4,1.2,5,0,0,1,0,2,2.0,1.0
2025-02-16 00:00:00,Werder Bremen,Hoffenheim,1,3,A,1.89,3.96,3.74,1.51,2.55,1514.85,1438.03,76.82,1.2,2.0,1,2,2,1.2,3.0,1,1,3,1,2,0,2.33,2.67
2025-02-16 00:00:00,Ein Frankfurt,Holstein Kiel,3,1,H,1.33,5.69,8.17,1.39,3.01,1579.02,1402.44,176.58,2.0,1.0,2,3,0,2.4,2.6,1,2,2,1,0,0,4.0,2.0
2025-02-16 00:00:00,Heidenheim,Mainz,0,2,A,3.56,3.51,2.07,1.9,1.93,1376.22,1529.39,-153.17,1.0,2.0,0,1,4,0.6,0.8,1,1,3,2,0,1,1.33,0.33
2025-02-21 00:00:00,Freiburg,Werder Bremen,5,0,H,2.06,3.48,3.74,1.93,1.91,1519.79,1496.59,23.2,0.8,1.2,3,0,2,0.8,2.0,1,1,3,2,1,0,1.0,1.0
2025-02-22 00:00:00,Holstein Kiel,Leverkusen,0,2,A,10.53,6.57,1.25,1.4,2.95,1394.47,1737.25,-342.78,1.8,2.8,0,2,3,1.6,0.8,2,3,0,0,0,1,2.0,2.0
2025-02-22 00:00:00,Mainz,St Pauli,2,0,H,1.8,3.57,4.73,2.15,1.72,1538.18,1438.15,100.03,1.0,0.6,2,1,2,1.2,0.8,2,1,2,1,0,0,3.0,0.0
2025-02-22 00:00:00,M'gladbach,Augsburg,0,3,A,1.84,3.79,4.19,1.72,2.15,1519.76,1484.18,35.58,1.8,1.2,3,1,1,1.0,0.4,2,3,0,0,2,1,2.0,2.67
2025-02-22 00:00:00,Wolfsburg,Bochum,1,1,D,1.55,4.42,5.7,1.62,2.32,1529.41,1391.3,138.11,1.4,1.4,1,3,1,1.4,1.8,1,2,2,2,1,0,1.67,1.33
2025-02-22 00:00:00,Dortmund,Union Berlin,6,0,H,1.55,4.46,5.59,1.61,2.35,1511.68,1410.72,100.96,1.0,1.8,1,1,3,1.4,1.2,2,1,2,2,1,0,2.33,1.33
2025-02-23 00:00:00,RB Leipzig,Heidenheim,2,2,D,1.35,5.37,7.98,1.48,2.64,1585.07,1367.43,217.64,1.4,1.0,1,4,0,0.4,1.8,0,0,5,3,0,0,1.67,0.67
2025-02-23 00:00:00,Bayern Munich,Ein Frankfurt,4,0,H,1.3,6.33,8.27,1.33,3.3,1709.2,1586.99,122.22,2.4,1.2,4,1,0,1.8,1.0,2,3,0,1,1,1,2.0,3.0
2025-02-23 00:00:00,Hoffenheim,Stuttgart,1,1,D,3.5,3.92,1.96,1.48,2.63,1456.3,1585.72,-129.43,1.8,2.2,2,1,2,1.6,1.4,2,0,3,1,1,1,1.33,2.0
2025-02-28 00:00:00,Stuttgart,Bayern Munich,1,3,A,4.85,4.29,1.67,1.54,2.49,1580.38,1719.13,-138.75,1.0,1.6,1,1,3,2.6,0.8,4,1,0,1,2,0,1.0,2.67
2025-03-01 00:00:00,Werder Bremen,Wolfsburg,1,2,A,2.65,3.53,2.59,1.68,2.2,1482.59,1523.75,-41.16,0.8,2.6,1,1,3,1.2,1.0,1,4,0,1,1,1,2.0,2.0
2025-03-01 00:00:00,Ein Frankfurt,Leverkusen,1,4,A,4.58,3.92,1.74,1.68,2.21,1577.06,1740.91,-163.85,1.4,1.8,1,3,1,1.4,0.6,2,3,0,0,3,0,0.67,3.33
2025-03-01 00:00:00,RB Leipzig,Mainz,1,2,A,1.99,3.7,3.64,1.8,2.03,1576.74,1548.97,27.76,1.2,0.8,1,4,0,1.2,0.2,3,1,1,1,1,1,0.67,0.67
2025-03-01 00:00:00,St Pauli,Dortmund,0,2,A,4.12,3.73,1.87,1.8,2.04,1427.35,1522.44,-95.09,0.8,1.2,1,1,3,2.2,1.4,2,1,2,0,1,0,1.0,2.0
2025-03-01 00:00:00,Bochum,Hoffenheim,0,1,A,2.43,3.57,2.83,1.63,2.3,1396.97,1461.64,-64.67,1.0,1.4,1,2,2,1.4,2.2,1,2,2,1,2,0,1.67,2.67
2025-03-01 00:00:00,Heidenheim,M'gladbach,0,3,A,3.02,3.59,2.29,1.64,2.28,1375.77,1503.23,-127.46,0.8,1.8,0,1,4,1.6,1.2,3,1,1,0,2,1,1.33,2.0
2025-03-02 00:00:00,Augsburg,Freiburg,0,0,D,2.65,3.15,2.82,2.25,1.66,1500.71,1533.79,-33.08,1.2,0.4,2,3,0,1.8,0.4,4,0,1,1,2,0,1.0,2.0
2025-03-02 00:00:00,Union Berlin,Holstein Kiel,0,1,A,1.6,4.23,5.3,1.7,2.18,1399.96,1390.81,9.15,1.0,2.2,1,1,3,1.6,2.6,0,2,3,1,0,0,2.0,0.0
2025-03-07 00:00:00,M'gladbach,Mainz,1,3,A,2.6,3.41,2.7,1.79,2.05,1512.96,1565.17,-52.21,1.6,1.2,3,1,1,1.2,0.4,3,1,1,0,0,3,1.33,1.33
2025-03-08 00:00:00,Bayern Munich,Bochum,2,3,A,1.11,10.81,18.52,1.28,3.67,1728.44,1384.73,343.71,2.8,0.8,4,1,0,1.0,1.0,1,2,2,2,1,0,4.67,1.0
2025-03-08 00:00:00,Dortmund,Augsburg,0,1,A,1.53,4.39,6.02,1.71,2.13,1533.44,1502.14,31.3,2.2,1.0,3,0,2,0.8,0.2,1,4,0,1,1,1,2.33,1.33
2025-03-08 00:00:00,Holstein Kiel,Stuttgart,2,2,D,5.78,4.64,1.52,1.5,2.61,1406.2,1571.07,-164.87,1.4,2.2,1,1,3,1.2,1.8,1,1,3,0,1,0,1.0,2.0
2025-03-08 00:00:00,Leverkusen,Werder Bremen,0,2,A,1.26,6.22,10.53,1.52,2.53,1749.32,1469.36,279.96,1.8,0.4,3,2,0,0.6,2.6,1,0,4,2,0,1,3.33,0.67
2025-03-08 00:00:00,Wolfsburg,St Pauli,1,1,D,1.76,3.72,4.79,1.87,1.96,1536.98,1416.36,120.62,1.2,0.8,2,3,0,0.2,1.6,0,1,4,0,0,1,0.0,0.0
2025-03-08 00:00:00,Freiburg,RB Leipzig,0,0,D,2.6,3.32,2.75,1.8,2.03,1532.37,1560.54,-28.17,1.6,0.0,4,1,0,1.0,0.8,1,3,1,0,3,0,1.0,3.33
2025-03-09 00:00:00,Hoffenheim,Heidenheim,1,1,D,1.77,3.98,4.31,1.65,2.24,1473.88,1366.04,107.84,1.2,1.8,2,1,2,0.6,2.0,0,1,4,1,0,2,1.33,1.0
2025-03-09 00:00:00,Ein Frankfurt,Union Berlin,1,2,A,1.74,4.04,4.45,1.67,2.22,1568.65,1384.56,184.08,1.2,2.2,1,2,2,1.0,1.8,1,1,3,1,0,2,1.33,0.33
2025-03-14 00:00:00,St Pauli,Hoffenheim,1,0,H,2.3,3.28,3.3,2.1,1.76,1421.37,1469.37,-48.0,0.2,1.6,0,1,4,1.2,1.4,2,2,1,1,0,0,2.0,0.0
2025-03-15 00:00:00,Mainz,Freiburg,2,2,D,2.01,3.42,3.91,2.1,1.75,1577.93,1533.58,44.35,1.8,0.4,4,1,0,1.4,0.0,3,2,0,0,1,2,0.33,0.67
2025-03-15 00:00:00,Union Berlin,Bayern Munich,1,1,D,8.5,5.27,1.35,1.59,2.38,1406.84,1702.09,-295.24,1.4,2.0,2,0,3,2.4,0.8,3,1,1,0,3,0,0.33,3.0
2025-03-15 00:00:00,Werder Bremen,M'gladbach,2,4,A,2.4,3.61,2.83,1.59,2.37,1494.37,1500.2,-5.83,0.8,2.6,1,0,4,1.4,1.6,2,1,2,0,1,2,1.67,2.67
2025-03-15 00:00:00,RB Leipzig,Dortmund,2,0,H,2.41,3.63,2.82,1.59,2.4,1559.33,1517.09,42.24,1.0,0.8,1,3,1,1.8,1.0,2,0,3,2,1,0,2.67,1.67
2025-03-15 00:00:00,Augsburg,Wolfsburg,1,0,H,2.6,3.29,2.81,2.05,1.78,1518.49,1531.97,-13.48,0.8,0.0,2,3,0,1.2,0.8,2,3,0,2,0,1,2.33,1.33
2025-03-16 00:00:00,Bochum,Ein Frankfurt,1,3,A,3.09,3.6,2.24,1.69,2.17,1411.08,1546.37,-135.28,1.6,1.2,2,2,1,1.2,2.4,1,1,3,0,1,2,1.33,3.0
2025-03-16 00:00:00,Heidenheim,Holstein Kiel,3,1,H,2.02,3.59,3.64,1.8,2.03,1370.55,1412.83,-42.28,0.6,1.8,0,2,3,1.2,1.8,1,2,2,0,1,0,0.0,1.0
2025-03-16 00:00:00,Stuttgart,Leverkusen,3,4,A,3.03,3.54,2.29,1.67,2.23,1564.44,1724.31,-159.86,1.4,1.8,1,2,2,1.2,0.6,2,2,1,0,0,3,1.0,1.0
2025-03-28 00:00:00,Leverkusen,Bochum,3,1,H,1.23,6.58,12.03,1.44,2.71,1732.86,1401.65,331.21,2.0,1.2,3,1,1,1.4,1.4,2,1,2,2,0,1,3.33,0.33
2025-03-29 00:00:00,Ein Frankfurt,Stuttgart,1,0,H,2.52,3.65,2.63,1.51,2.52,1555.81,1555.9,-0.09,1.6,2.4,2,0,3,1.6,2.4,0,2,3,1,2,0,1.33,2.33
2025-03-29 00:00:00,Wolfsburg,Heidenheim,0,1,A,1.66,4.02,5.04,1.73,2.11,1516.39,1387.36,129.02,1.2,1.0,2,2,1,1.2,1.8,1,2,2,2,0,1,2.0,0.67
2025-03-29 00:00:00,Holstein Kiel,Werder Bremen,0,3,A,3.32,3.8,2.07,1.61,2.33,1396.01,1479.62,-83.61,1.0,2.0,1,1,3,1.2,2.8,1,0,4,0,1,0,1.0,2.0
2025-03-29 00:00:00,Hoffenheim,Augsburg,1,1,D,2.4,3.3,3.05,2.08,1.76,1452.31,1534.07,-81.76,1.2,0.8,2,2,1,1.0,0.0,3,2,0,1,0,2,1.33,0.67
2025-03-29 00:00:00,M'gladbach,RB Leipzig,1,0,H,2.9,3.57,2.37,1.52,2.5,1514.95,1572.51,-57.57,2.0,1.8,3,0,2,1.0,0.8,1,3,1,0,2,1,0.0,1.0
2025-03-29 00:00:00,Bayern Munich,St Pauli,3,2,H,1.14,8.67,17.25,1.43,2.75,1691.72,1438.42,253.3,2.0,1.0,2,2,1,0.4,1.2,1,1,3,1,0,0,1.0,0.0
2025-03-30 00:00:00,Freiburg,Union Berlin,1,2,A,2.0,3.43,3.89,2.1,1.74,1535.49,1417.21,118.28,1.6,0.4,2,3,0,0.8,2.2,1,1,3,0,1,2,0.33,0.67
2025-03-30 00:00:00,Dortmund,Mainz,3,1,H,1.66,4.1,4.86,1.67,2.2,1503.9,1576.03,-72.12,1.6,1.0,2,0,3,2.2,0.8,4,1,0,0,2,1,0.67,2.33
2025-04-04 00:00:00,Augsburg,Bayern Munich,1,3,A,7.41,4.85,1.42,1.61,2.32,1530.6,1697.39,-166.78,1.2,0.2,3,2,0,2.6,1.4,3,1,1,0,3,0,1.0,3.0
2025-04-05 00:00:00,Werder Bremen,Ein Frankfurt,2,0,H,2.64,3.67,2.51,1.53,2.44,1491.08,1570.81,-79.73,1.6,2.2,2,0,3,1.2,2.2,2,0,3,0,1,2,1.0,1.33
2025-04-05 00:00:00,RB Leipzig,Hoffenheim,3,1,H,1.54,4.53,5.57,1.52,2.48,1555.05,1455.78,99.28,1.0,1.0,1,2,2,0.8,0.8,1,3,1,1,1,1,2.33,2.0
2025-04-05 00:00:00,Mainz,Holstein Kiel,1,1,D,1.44,4.72,6.92,1.62,2.28,1557.96,1384.55,173.4,2.0,1.4,3,1,1,0.8,2.0,1,1,3,1,0,0,3.0,0.0
2025-04-05 00:00:00,Freiburg,Dortmund,1,4,A,3.07,3.53,2.27,1.77,2.05,1515.57,1521.97,-6.4,1.6,0.8,1,3,1,2.2,0.8,3,0,2,0,3,0,0.67,3.67
2025-04-05 00:00:00,Bochum,Stuttgart,0,4,A,3.13,3.71,2.16,1.56,2.37,1397.77,1540.89,-143.13,1.2,2.0,1,1,3,1.4,2.2,0,2,3,1,2,0,0.33,2.33
2025-04-05 00:00:00,Heidenheim,Leverkusen,0,1,A,6.78,4.7,1.44,1.62,2.28,1407.69,1736.74,-329.04,1.4,1.4,2,2,1,2.6,1.4,4,0,1,0,3,0,1.33,3.67
2025-04-06 00:00:00,St Pauli,M'gladbach,1,1,D,2.49,3.4,2.8,1.84,1.97,1432.76,1532.41,-99.65,0.8,1.6,1,1,3,1.8,1.6,3,0,2,0,1,0,0.0,2.0
2025-04-06 00:00:00,Union Berlin,Wolfsburg,1,0,H,2.45,3.31,2.92,2.01,1.81,1437.12,1496.06,-58.94,1.0,2.0,2,1,2,0.8,1.0,1,2,2,1,2,0,0.67,1.0
2025-04-11 00:00:00,Wolfsburg,RB Leipzig,2,3,A,2.9,3.7,2.32,1.57,2.41,1478.54,1565.88,-87.34,0.6,1.0,1,1,3,1.2,0.8,2,1,2,2,1,0,2.33,1.67
2025-04-12 00:00:00,Bayern Munich,Dortmund,2,2,D,1.43,5.2,6.4,1.38,2.99,1705.69,1536.7,168.99,2.4,1.6,3,1,1,1.8,1.0,3,0,2,1,1,1,1.67,1.0
2025-04-12 00:00:00,M'gladbach,Freiburg,1,2,A,2.18,3.65,3.15,1.66,2.23,1528.22,1500.85,27.38,2.0,1.2,3,1,1,0.8,1.6,0,3,2,0,2,1,1.33,3.0
2025-04-12 00:00:00,Holstein Kiel,St Pauli,1,2,A,3.16,3.37,2.29,1.95,1.87,1391.47,1436.95,-45.48,1.0,1.8,1,2,2,1.0,1.4,1,2,2,0,1,0,1.0,3.0
2025-04-12 00:00:00,Hoffenheim,Mainz,2,0,H,2.66,3.46,2.59,1.74,2.1,1444.95,1551.04,-106.09,0.8,1.2,1,2,2,1.8,1.6,2,2,1,0,2,1,0.67,2.33
2025-04-12 00:00:00,Leverkusen,Union Berlin,0,0,D,1.33,5.32,8.99,1.61,2.31,1740.66,1454.65,286.01,2.4,1.4,4,0,1,1.2,0.8,3,1,1,3,0,0,2.33,0.33
2025-04-12 00:00:00,Bochum,Augsburg,1,2,A,2.46,3.34,2.9,1.99,1.84,1388.62,1522.3,-133.68,1.0,2.6,1,0,4,0.8,0.8,2,2,1,0,1,2,1.0,1.33
2025-04-13 00:00:00,Stuttgart,Werder Bremen,1,2,A,1.64,4.45,4.57,1.44,2.7,1550.04,1509.46,40.58,2.0,2.0,1,1,3,2.0,1.2,3,0,2,1,1,1,1.67,1.33
2025-04-13 00:00:00,Ein Frankfurt,Heidenheim,3,0,H,1.72,4.08,4.41,1.65,2.23,1552.43,1403.77,148.66,1.2,1.8,2,0,3,1.0,1.2,2,1,2,3,0,0,2.67,0.33
2025-04-19 00:00:00,Freiburg,Hoffenheim,3,2,H,1.94,3.72,3.76,1.74,2.1,1517.03,1464.39,52.63,1.2,1.8,1,2,2,1.0,1.2,1,2,2,2,0,1,2.0,1.33
2025-04-19 00:00:00,Heidenheim,Bayern Munich,0,4,A,9.41,6.18,1.28,1.38,2.98,1394.82,1698.92,-304.1,1.0,1.2,2,1,2,2.2,1.8,2,2,1,1,2,0,2.33,3.33
2025-04-19 00:00:00,Mainz,Wolfsburg,2,2,D,2.02,3.65,3.53,1.79,2.02,1531.59,1467.23,64.36,1.4,1.8,1,2,2,0.6,1.4,0,1,4,1,1,1,2.33,2.0
2025-04-19 00:00:00,RB Leipzig,Holstein Kiel,1,1,D,1.31,5.89,8.51,1.39,2.9,1577.18,1378.43,198.76,1.6,0.8,3,1,1,1.0,2.2,0,2,3,1,0,0,2.0,0.0
2025-04-19 00:00:00,Werder Bremen,Bochum,1,0,H,1.73,4.11,4.35,1.56,2.43,1526.21,1379.12,147.09,2.2,1.0,4,0,1,1.2,2.8,1,0,4,2,0,1,2.0,0.67
2025-04-19 00:00:00,Union Berlin,Stuttgart,4,4,D,2.83,3.4,2.48,1.78,2.05,1464.8,1533.3,-68.5,1.2,0.6,3,2,0,2.0,1.8,1,1,3,0,3,0,0.67,2.67
2025-04-20 00:00:00,Dortmund,M'gladbach,3,2,H,1.41,5.25,6.6,1.36,3.07,1543.47,1512.04,31.42,1.8,1.4,2,1,2,1.6,1.6,2,1,2,2,0,1,2.33,1.33
2025-04-20 00:00:00,St Pauli,Leverkusen,1,1,D,5.15,3.85,1.67,1.97,1.84,1450.0,1730.51,-280.51,1.4,1.2,2,2,1,1.6,1.2,3,1,1,0,1,0,1.0,2.0
2025-04-20 00:00:00,Augsburg,Ein Frankfurt,0,0,D,2.58,3.36,2.72,1.88,1.93,1531.79,1561.37,-29.58,1.2,1.0,3,1,1,1.6,1.0,3,0,2,1,1,1,1.67,2.0
2025-04-25 00:00:00,Stuttgart,Heidenheim,0,1,A,1.49,4.9,5.87,1.45,2.7,1530.38,1390.38,139.99,2.4,2.2,1,1,3,0.8,1.8,2,0,3,1,1,1,2.0,2.0
2025-04-26 00:00:00,Bayern Munich,Mainz,3,0,H,1.22,7.12,11.36,1.32,3.29,1703.36,1528.85,174.51,2.6,1.2,3,2,0,1.2,2.0,0,3,2,2,1,0,4.0,1.33
2025-04-26 00:00:00,Hoffenheim,Dortmund,2,3,A,4.15,4.3,1.73,1.42,2.78,1451.65,1557.11,-105.47,1.2,1.6,1,1,3,2.4,1.6,3,1,1,1,1,1,1.67,2.0
2025-04-26 00:00:00,Holstein Kiel,M'gladbach,4,3,H,3.06,3.86,2.15,1.47,2.62,1386.18,1498.4,-112.22,0.8,2.0,0,2,3,1.8,1.6,2,1,2,0,1,0,1.0,4.0
2025-04-26 00:00:00,Leverkusen,Augsburg,2,0,H,1.36,5.01,8.72,1.76,2.08,1720.49,1533.07,187.42,1.8,1.0,3,2,0,1.0,1.0,2,2,1,3,0,0,1.67,0.33
2025-04-26 00:00:00,Wolfsburg,Freiburg,0,1,A,2.4,3.56,2.84,1.73,2.11,1469.98,1529.77,-59.79,0.8,1.6,0,1,4,1.8,2.2,2,1,2,1,2,0,1.33,1.67
2025-04-26 00:00:00,Ein Frankfurt,RB Leipzig,4,0,H,2.16,3.84,3.03,1.48,2.59,1560.1,1569.43,-9.33,1.4,0.6,3,1,1,1.8,1.0,3,1,1,1,1,1,1.33,1.33
2025-04-27 00:00:00,Werder Bremen,St Pauli,0,0,D,1.9,3.68,3.93,1.83,1.99,1535.21,1460.02,75.19,2.0,1.0,4,0,1,1.4,1.2,2,2,1,1,0,0,2.0,0.0
2025-04-27 00:00:00,Bochum,Union Berlin,1,1,D,2.3,3.49,3.04,1.82,2.01,1370.12,1467.72,-97.6,0.6,2.6,0,0,5,1.6,1.2,2,3,0,3,0,0,3.0,1.0
2025-05-02 00:00:00,Heidenheim,Bochum,0,0,D,2.29,3.54,3.06,1.68,2.2,1411.12,1374.22,36.9,0.4,1.6,2,0,3,0.6,2.2,0,1,4,0,1,2,0.33,1.0
2025-05-03 00:00:00,M'gladbach,Hoffenheim,4,4,D,2.1,3.95,3.11,1.44,2.71,1478.71,1441.07,37.65,1.6,2.0,1,1,3,1.6,2.0,1,1,3,2,1,0,2.33,2.0
2025-05-03 00:00:00,Dortmund,Wolfsburg,4,0,H,1.32,5.97,7.96,1.31,3.35,1567.7,1457.54,110.16,3.0,1.6,4,1,0,0.8,1.6,0,1,4,2,0,1,1.67,0.67
2025-05-03 00:00:00,St Pauli,Stuttgart,0,1,A,2.67,3.47,2.57,1.83,2.0,1463.22,1509.64,-46.42,1.2,1.2,1,3,1,1.8,1.6,1,1,3,1,0,0,1.0,0.0
2025-05-03 00:00:00,RB Leipzig,Bayern Munich,3,3,D,4.49,4.57,1.64,1.34,3.17,1554.03,1711.4,-157.37,1.4,1.8,2,1,2,3.0,1.0,4,1,0,0,2,1,1.33,3.0
2025-05-03 00:00:00,Union Berlin,Werder Bremen,2,2,D,2.72,3.42,2.56,1.86,1.96,1463.61,1532.01,-68.4,1.6,1.2,2,3,0,1.6,0.2,4,1,0,1,2,0,1.0,2.33
2025-05-04 00:00:00,Augsburg,Holstein Kiel,1,3,A,1.84,3.76,4.14,1.81,2.01,1525.46,1405.86,119.59,0.8,1.4,1,2,2,1.4,2.0,1,2,2,0,1,0,1.0,5.0
2025-05-04 00:00:00,Freiburg,Leverkusen,2,2,D,3.08,3.51,2.27,1.75,2.09,1542.21,1728.1,-185.88,1.6,1.8,3,0,2,1.4,0.4,3,2,0,0,3,0,1.33,3.33
2025-05-04 00:00:00,Mainz,Ein Frankfurt,1,1,D,2.38,3.64,2.82,1.62,2.31,1520.81,1575.5,-54.7,0.8,2.2,0,2,3,1.6,0.4,3,1,1,1,1,1,1.33,1.0
2025-05-09 00:00:00,Wolfsburg,Hoffenheim,2,2,D,2.29,3.7,2.94,1.5,2.57,1447.14,1442.68,4.46,0.8,2.2,0,1,4,2.2,2.6,1,1,3,1,1,1,1.33,1.67
2025-05-10 00:00:00,Holstein Kiel,Freiburg,1,2,A,3.21,3.8,2.09,1.52,2.48,1425.83,1549.55,-123.72,2.0,1.6,2,2,1,1.8,1.8,3,1,1,0,1,0,2.0,3.0
2025-05-10 00:00:00,Union Berlin,Heidenheim,0,3,A,2.19,3.47,3.28,1.91,1.9,1466.53,1409.53,56.99,1.6,1.4,1,4,0,0.2,1.6,1,1,3,0,2,1,0.67,1.67
2025-05-10 00:00:00,Werder Bremen,RB Leipzig,0,0,D,2.36,3.68,2.82,1.52,2.48,1529.1,1560.39,-31.3,1.4,0.6,3,2,0,2.0,2.2,2,2,1,0,1,2,1.33,2.0
2025-05-10 00:00:00,Bayern Munich,M'gladbach,2,0,H,1.16,9.49,12.4,1.16,4.8,1705.04,1477.09,227.94,3.0,1.2,3,2,0,2.2,2.8,0,2,3,3,0,0,2.0,0.67
2025-05-10 00:00:00,Bochum,Mainz,1,4,A,2.95,3.68,2.27,1.64,2.26,1375.81,1523.15,-147.34,0.4,1.6,0,2,3,0.8,1.8,0,3,2,0,2,1,0.67,2.0
2025-05-11 00:00:00,Leverkusen,Dortmund,2,4,A,2.65,3.94,2.39,1.47,2.64,1720.76,1578.09,142.67,1.2,0.6,2,3,0,3.2,1.4,4,1,0,1,0,2,1.67,1.33
2025-05-11 00:00:00,Ein Frankfurt,St Pauli,2,2,D,1.52,4.49,5.96,1.7,2.14,1573.16,1450.21,122.95,1.6,0.6,2,2,1,0.8,0.8,1,3,1,1,0,0,1.0,0.0
2025-05-11 00:00:00,Stuttgart,Augsburg,4,0,H,1.55,4.46,5.47,1.52,2.47,1522.65,1505.49,17.16,2.0,1.4,2,1,2,0.8,1.8,1,1,3,3,0,0,1.67,0.0
2025-05-17 00:00:00,RB Leipzig,Stuttgart,2,3,A,1.99,4.24,3.19,1.32,3.31,1559.05,1536.91,22.14,1.4,2.0,1,3,1,2.0,1.4,2,1,2,1,2,0,2.67,2.67
2025-05-17 00:00:00,St Pauli,Bochum,0,2,A,1.67,4.2,4.68,1.58,2.36,1455.31,1366.82,88.49,1.0,1.0,1,3,1,0.6,1.6,0,2,3,0,1,0,0.0,1.0
2025-05-17 00:00:00,Augsburg,Union Berlin,1,2,A,2.08,3.47,3.52,1.63,2.26,1491.23,1449.09,42.14,0.6,2.0,1,1,3,1.4,2.0,0,4,1,2,0,1,1.67,0.33
2025-05-17 00:00:00,Dortmund,Holstein Kiel,3,0,H,1.08,12.72,21.58,1.13,5.4,1598.93,1415.96,182.97,3.2,1.6,4,1,0,2.0,1.8,2,1,2,0,1,0,2.0,4.0
2025-05-17 00:00:00,Freiburg,Ein Frankfurt,1,3,A,2.37,3.72,2.76,1.52,2.46,1559.43,1568.06,-8.64,2.0,1.2,4,1,0,2.0,0.6,2,3,0,0,1,2,1.33,2.33
2025-05-17 00:00:00,Heidenheim,Werder Bremen,1,4,A,2.3,3.87,2.78,1.94,1.87,1426.97,1530.45,-103.47,0.8,1.4,2,1,2,1.0,0.6,2,3,0,2,0,1,3.0,2.0
2025-05-17 00:00:00,Hoffenheim,Bayern Munich,0,4,A,5.11,5.23,1.5,1.25,3.76,1442.88,1711.4,-268.52,2.4,2.4,1,2,2,2.8,1.0,3,2,0,1,2,0,1.33,3.33
2025-05-17 00:00:00,Mainz,Leverkusen,2,2,D,2.18,3.94,2.94,1.44,2.73,1532.14,1699.92,-167.78,1.4,1.8,1,2,2,1.4,1.4,1,3,1,0,3,0,0.33,2.0
2025-05-17 00:00:00,M'gladbach,Wolfsburg,0,1,A,2.19,4.23,2.79,1.29,3.44,1470.73,1446.95,23.78,2.0,3.0,0,1,4,1.2,2.4,0,2,3,2,1,0,2.67,2.0
2025-08-22 00:00:00,Bayern Munich,RB Leipzig,6,0,H,1.21,7.13,10.3,1.24,3.91,1716.67,1543.09,173.58,3.2,0.6,4,1,0,1.2,2.2,0,3,2,2,0,2,3.0,1.75
2025-08-23 00:00:00,Union Berlin,Stuttgart,2,1,H,3.3,3.59,2.06,1.66,2.16,1465.9,1552.86,-86.96,1.8,2.2,1,3,1,2.4,1.4,3,1,1,0,3,1,1.5,3.0
2025-08-23 00:00:00,Leverkusen,Hoffenheim,1,2,A,1.5,4.63,5.56,1.46,2.62,1693.2,1437.61,255.59,1.8,1.8,1,3,1,2.0,3.2,0,2,3,4,0,0,3.0,1.25
2025-08-23 00:00:00,St Pauli,Dortmund,3,3,D,4.52,3.85,1.71,1.75,2.02,1436.57,1606.69,-170.12,0.6,1.2,0,3,2,3.4,1.2,5,0,0,0,2,0,0.5,2.0
2025-08-23 00:00:00,Freiburg,Augsburg,1,3,A,1.82,3.58,4.25,1.89,1.87,1544.8,1474.42,70.38,1.8,1.6,3,1,1,0.4,2.2,0,1,4,2,1,1,1.5,0.75
2025-08-23 00:00:00,Ein Frankfurt,Werder Bremen,4,1,H,1.69,4.0,4.46,1.55,2.35,1582.69,1541.11,41.59,2.0,0.8,2,3,0,1.4,0.6,2,3,0,1,1,2,1.0,1.25
2025-08-23 00:00:00,Heidenheim,Wolfsburg,1,3,A,3.05,3.51,2.2,1.68,2.12,1416.31,1462.97,-46.66,1.0,1.6,2,1,2,1.0,1.8,1,2,2,1,2,1,0.75,1.5
2025-08-24 00:00:00,Mainz,FC Koln,0,1,A,1.86,3.61,3.95,1.8,1.96,1538.87,1414.88,123.99,1.8,1.8,1,3,1,1.0,1.8,1,2,2,0,0,2,0.5,0.5
2025-08-24 00:00:00,M'gladbach,Hamburg,0,0,D,1.82,3.92,3.78,1.5,2.47,1454.7,1500.0,-45.3,1.8,2.8,0,1,4,0.0,0.0,0,0,0,0,0,0,0.0,0.0
2025-08-29 00:00:00,Hamburg,St Pauli,0,2,A,2.39,3.26,2.99,2.02,1.76,1498.06,1443.37,54.68,0.0,0.0,0,1,0,1.0,1.6,0,3,2,0,0,0,0.0,0.0
2025-08-30 00:00:00,Augsburg,Bayern Munich,2,3,A,9.87,6.41,1.24,1.32,3.23,1492.41,1724.74,-232.33,1.0,2.4,1,0,4,3.6,0.6,4,1,0,0,4,0,1.0,3.0
2025-08-30 00:00:00,Werder Bremen,Leverkusen,3,3,D,3.56,3.83,1.91,1.54,2.38,1527.89,1668.8,-140.91,1.4,1.4,1,3,1,1.8,2.0,1,2,2,1,2,1,1.0,2.5
2025-08-30 00:00:00,Stuttgart,M'gladbach,1,0,H,1.59,4.45,4.75,1.4,2.83,1534.18,1456.65,77.54,1.8,1.0,3,0,2,1.4,2.2,0,2,3,2,2,0,2.25,1.5
2025-08-30 00:00:00,Hoffenheim,Ein Frankfurt,1,3,A,2.84,3.76,2.24,1.47,2.58,1462.0,1595.9,-133.9,2.0,2.8,1,2,2,2.8,1.0,3,2,0,0,3,1,1.25,2.75
2025-08-30 00:00:00,RB Leipzig,Heidenheim,2,0,H,1.42,4.83,6.48,1.5,2.5,1535.02,1403.31,131.7,1.0,3.2,0,2,3,1.2,1.4,2,1,2,3,0,1,1.75,1.0
2025-08-31 00:00:00,Wolfsburg,Mainz,1,1,D,2.04,3.62,3.34,1.72,2.06,1475.97,1518.73,-42.76,1.2,1.6,2,1,2,1.4,1.6,1,2,2,1,1,2,2.0,2.25
2025-08-31 00:00:00,Dortmund,Union Berlin,3,0,H,1.38,5.06,7.02,1.49,2.53,1599.88,1484.58,115.3,3.4,1.4,4,1,0,1.4,1.6,2,2,1,3,1,0,3.25,1.0
2025-08-31 00:00:00,FC Koln,Freiburg,4,1,H,2.5,3.26,2.74,1.97,1.79,1435.01,1526.8,-91.79,1.2,1.4,2,2,1,1.4,1.8,2,1,2,0,1,1,0.0,1.0
2025-09-12 00:00:00,Leverkusen,Ein Frankfurt,3,1,H,2.1,3.8,3.11,1.44,2.72,1663.03,1605.39,57.63,2.0,2.6,0,3,2,2.6,1.2,3,2,0,4,0,0,3.5,0.75
2025-09-13 00:00:00,Wolfsburg,FC Koln,3,3,D,1.96,3.56,3.66,1.78,1.98,1477.81,1453.89,23.92,1.4,1.6,2,2,1,1.8,1.4,3,1,1,1,0,1,1.5,1.0
2025-09-13 00:00:00,Bayern Munich,Hamburg,5,0,H,1.06,11.91,26.44,1.2,4.25,1730.98,1480.71,250.27,3.6,1.0,4,1,0,0.0,1.0,0,1,1,0,0,0,0.0,0.0
2025-09-13 00:00:00,Union Berlin,Hoffenheim,2,4,A,2.56,3.39,2.64,1.86,1.9,1474.38,1452.51,21.87,1.2,2.0,2,1,2,1.8,2.8,1,2,2,3,1,0,1.75,0.75
2025-09-13 00:00:00,Mainz,RB Leipzig,0,1,A,2.56,3.58,2.53,1.63,2.21,1516.9,1544.59,-27.69,1.6,1.2,1,3,1,1.4,2.4,1,2,2,2,1,1,1.0,0.75
2025-09-13 00:00:00,Heidenheim,Dortmund,0,2,A,5.16,4.39,1.55,1.49,2.55,1393.74,1610.07,-216.33,1.0,1.8,1,1,3,3.4,1.0,4,1,0,0,2,2,1.25,2.0
2025-09-13 00:00:00,Freiburg,Stuttgart,3,1,H,2.84,3.59,2.29,1.58,2.29,1507.93,1545.89,-37.96,1.4,2.6,1,1,3,2.0,0.8,4,0,1,1,3,0,1.0,3.25
2025-09-14 00:00:00,St Pauli,Augsburg,2,1,H,2.19,3.31,3.25,2.04,1.73,1460.72,1486.18,-25.46,1.4,1.6,1,2,2,1.4,2.6,1,0,4,0,1,1,1.0,2.0
2025-09-14 00:00:00,M'gladbach,Werder Bremen,0,4,A,1.92,3.92,3.46,1.48,2.55,1444.94,1533.66,-88.72,0.8,1.6,0,2,3,2.0,2.0,1,3,1,2,0,2,3.0,1.75
2025-09-19 00:00:00,Stuttgart,St Pauli,2,0,H,1.75,3.89,4.33,1.7,2.1,1529.26,1476.81,52.45,2.0,1.4,3,0,2,1.8,1.6,2,2,1,1,1,0,0.5,0.5
2025-09-20 00:00:00,Augsburg,Mainz,1,4,A,2.66,3.34,2.55,1.88,1.87,1470.08,1503.09,-33.01,1.4,2.4,1,0,4,1.4,1.2,1,2,2,1,2,1,1.0,1.25
2025-09-20 00:00:00,Hamburg,Heidenheim,2,1,H,2.02,3.51,3.45,1.77,2.0,1474.97,1387.04,87.93,0.0,2.33,0,1,2,1.0,2.2,1,0,4,0,0,0,0.0,0.0
2025-09-20 00:00:00,Hoffenheim,Bayern Munich,1,4,A,7.48,5.7,1.32,1.3,3.38,1468.46,1736.73,-268.27,1.8,2.4,2,1,2,4.0,0.4,5,0,0,1,3,0,1.0,3.5
2025-09-20 00:00:00,Werder Bremen,Freiburg,0,3,A,2.37,3.59,2.72,1.6,2.26,1544.91,1524.56,20.35,2.4,1.6,2,2,1,1.6,2.4,2,0,3,1,3,0,0.75,2.0
2025-09-20 00:00:00,RB Leipzig,FC Koln,3,1,H,1.65,4.15,4.61,1.55,2.37,1558.4,1454.92,103.48,1.0,1.8,2,1,2,2.4,2.0,3,1,1,2,0,0,5.5,0.5
2025-09-21 00:00:00,Ein Frankfurt,Union Berlin,3,4,A,1.55,4.27,5.27,1.58,2.29,1592.86,1458.44,134.42,2.6,1.6,3,1,1,1.2,2.4,2,0,3,1,1,2,1.25,0.75
2025-09-21 00:00:00,Leverkusen,M'gladbach,1,1,D,1.55,4.52,5.01,1.43,2.7,1675.56,1433.69,241.87,2.2,2.4,1,2,2,0.0,1.6,0,1,4,3,0,1,2.25,0.75
2025-09-21 00:00:00,Dortmund,Wolfsburg,1,0,H,1.47,4.72,5.78,1.44,2.67,1616.78,1476.78,140.0,3.0,1.0,4,1,0,2.0,1.4,2,3,0,3,0,1,2.25,0.5
2025-09-26 00:00:00,Bayern Munich,Werder Bremen,4,0,H,1.09,10.97,20.23,1.17,4.79,1742.0,1529.04,212.97,4.4,0.6,5,0,0,2.4,2.2,2,1,2,3,1,0,3.0,0.25
2025-09-27 00:00:00,Heidenheim,Augsburg,2,1,H,2.69,3.46,2.46,1.74,2.03,1375.75,1456.5,-80.75,0.6,2.6,0,0,5,1.6,2.4,1,0,4,1,3,0,1.75,2.0
2025-09-27 00:00:00,Mainz,Dortmund,0,2,A,3.14,3.74,2.08,1.57,2.33,1516.67,1626.04,-109.37,1.4,1.2,1,2,2,2.4,0.6,4,1,0,2,1,1,2.0,1.25
2025-09-27 00:00:00,St Pauli,Leverkusen,1,2,A,3.12,3.45,2.18,1.84,1.92,1464.06,1666.53,-202.47,1.4,1.6,2,1,2,2.0,1.8,1,3,1,0,1,1,1.0,1.5
2025-09-27 00:00:00,Wolfsburg,RB Leipzig,0,1,A,2.54,3.65,2.5,1.51,2.47,1467.51,1569.06,-101.54,1.6,1.2,2,2,1,1.6,2.0,3,0,2,2,2,0,2.25,2.0
2025-09-27 00:00:00,M'gladbach,Ein Frankfurt,4,6,A,2.98,3.68,2.18,1.48,2.56,1442.72,1572.33,-129.61,0.2,1.4,0,2,3,2.8,2.0,3,0,2,0,2,2,0.75,1.5
2025-09-28 00:00:00,Freiburg,Hoffenheim,1,1,D,2.19,3.59,3.01,1.58,2.28,1540.44,1463.18,77.26,1.8,2.2,2,0,3,1.6,2.8,2,0,3,3,0,1,2.25,1.5
2025-09-28 00:00:00,FC Koln,Stuttgart,1,2,A,2.78,3.64,2.29,1.53,2.41,1444.26,1542.01,-97.75,2.0,2.2,2,1,2,1.6,1.4,3,0,2,0,1,1,0.5,1.5
2025-09-28 00:00:00,Union Berlin,Hamburg,0,0,D,1.97,3.53,3.61,1.78,1.97,1478.97,1486.25,-7.29,2.0,2.4,3,0,2,0.5,2.0,1,1,2,0,0,0,0.0,0.0
2025-10-03 00:00:00,Hoffenheim,FC Koln,0,1,A,1.91,3.82,3.61,1.53,2.42,1466.46,1433.37,33.09,1.8,2.2,2,1,2,2.0,1.8,2,1,2,1,0,1,2.0,1.0
2025-10-04 00:00:00,Augsburg,Wolfsburg,3,1,H,2.71,3.53,2.42,1.7,2.09,1438.08,1456.78,-18.7,1.6,2.4,1,0,4,1.4,1.4,1,2,2,3,0,1,2.0,1.0
2025-10-04 00:00:00,Dortmund,RB Leipzig,1,1,D,1.68,4.36,4.14,1.36,3.03,1636.47,1579.79,56.68,2.2,0.6,4,1,0,1.4,1.4,4,0,1,1,3,0,1.25,2.5
2025-10-04 00:00:00,Leverkusen,Union Berlin,2,0,H,1.68,3.91,4.65,1.75,2.02,1673.66,1479.28,194.38,2.0,1.6,2,2,1,1.6,2.2,2,1,2,3,0,1,1.75,0.25
2025-10-04 00:00:00,Werder Bremen,St Pauli,1,0,H,2.32,3.51,2.86,1.74,2.03,1522.23,1456.93,65.3,1.6,2.8,1,1,3,1.6,1.6,2,1,2,1,0,1,1.0,0.0
2025-10-04 00:00:00,Ein Frankfurt,Bayern Munich,0,3,A,5.9,5.19,1.42,1.28,3.54,1581.98,1748.81,-166.83,3.4,2.6,3,0,2,4.4,0.6,5,0,0,1,2,1,2.25,2.5
2025-10-05 00:00:00,Hamburg,Mainz,4,0,H,2.76,3.54,2.36,1.69,2.1,1485.94,1506.24,-20.3,0.4,1.6,1,2,2,1.0,1.2,1,1,3,0,0,0,0.0,0.0
2025-10-05 00:00:00,Stuttgart,Heidenheim,1,0,H,1.42,4.81,6.48,1.46,2.62,1552.9,1394.18,158.72,1.4,1.2,3,0,2,0.8,2.0,1,0,4,1,2,1,1.5,1.75
2025-10-05 00:00:00,M'gladbach,Freiburg,0,0,D,2.27,3.53,2.92,1.7,2.1,1433.07,1537.16,-104.09,1.0,2.4,0,2,3,1.8,1.8,2,1,2,0,3,1,1.25,2.75
